-- Adminer 4.6.2 MySQL dump

SET NAMES utf8;
SET time_zone = '+00:00';
SET foreign_key_checks = 0;
SET sql_mode = 'NO_AUTO_VALUE_ON_ZERO';

DROP TABLE IF EXISTS `action`;
CREATE TABLE `action` (
  `id` int(11) NOT NULL AUTO_INCREMENT,
  `controller_id` varchar(50) NOT NULL,
  `action_id` varchar(50) NOT NULL,
  `name` varchar(50) NOT NULL,
  PRIMARY KEY (`id`)
) ENGINE=InnoDB DEFAULT CHARSET=latin1;

INSERT INTO `action` (`id`, `controller_id`, `action_id`, `name`) VALUES
(12,	'site',	'index',	'Index'),
(13,	'site',	'profile',	'Profile'),
(14,	'site',	'login',	'Login'),
(15,	'site',	'logout',	'Logout'),
(16,	'site',	'contact',	'Contact'),
(17,	'site',	'about',	'About'),
(18,	'menu',	'index',	'Index'),
(19,	'menu',	'view',	'View'),
(20,	'menu',	'create',	'Create'),
(21,	'menu',	'update',	'Update'),
(22,	'menu',	'delete',	'Delete'),
(23,	'role',	'index',	'Index'),
(24,	'role',	'view',	'View'),
(25,	'role',	'create',	'Create'),
(26,	'role',	'update',	'Update'),
(27,	'role',	'delete',	'Delete'),
(28,	'role',	'detail',	'Detail'),
(29,	'user',	'index',	'Index'),
(30,	'user',	'view',	'View'),
(31,	'user',	'create',	'Create'),
(32,	'user',	'update',	'Update'),
(33,	'user',	'delete',	'Delete'),
(34,	'site',	'register',	'Register'),
(35,	'site',	'pemasukkan',	'Pemasukkan'),
(36,	'site',	'pengeluaran',	'Pengeluaran'),
(37,	'site',	'list-perhitungan',	'List Perhitungan'),
(38,	'site',	'list-hutang',	'List Hutang'),
(39,	'site',	'jurnal',	'Jurnal'),
(40,	'site',	'neraca',	'Neraca'),
(41,	'site',	'arus-kas',	'Arus Kas'),
(42,	'site',	'proyeksi',	'Proyeksi'),
(43,	'site',	'cetak-neraca',	'Cetak Neraca'),
(44,	'site',	'cetak-list-perhitungan',	'Cetak List Perhitungan'),
(45,	'site',	'cetak-arus-kas',	'Cetak Arus Kas'),
(46,	'site',	'cetak-proyeksi',	'Cetak Proyeksi'),
(47,	'site',	'generate',	'Generate'),
(48,	'menu',	'save',	'Save'),
(49,	'bank',	'index',	'Index'),
(50,	'bank',	'view',	'View'),
(51,	'bank',	'create',	'Create'),
(52,	'bank',	'update',	'Update'),
(53,	'bank',	'delete',	'Delete'),
(54,	'kategori-pendanaan',	'index',	'Index'),
(55,	'kategori-pendanaan',	'view',	'View'),
(56,	'kategori-pendanaan',	'create',	'Create'),
(57,	'kategori-pendanaan',	'update',	'Update'),
(58,	'kategori-pendanaan',	'delete',	'Delete'),
(59,	'status',	'index',	'Index'),
(60,	'status',	'view',	'View'),
(61,	'status',	'create',	'Create'),
(62,	'status',	'update',	'Update'),
(63,	'status',	'delete',	'Delete'),
(64,	'marketing-data-user',	'index',	'Index'),
(65,	'marketing-data-user',	'view',	'View'),
(66,	'marketing-data-user',	'create',	'Create'),
(67,	'marketing-data-user',	'update',	'Update'),
(68,	'marketing-data-user',	'delete',	'Delete'),
(69,	'pembayaran',	'index',	'Index'),
(70,	'pembayaran',	'view',	'View'),
(71,	'pembayaran',	'create',	'Create'),
(72,	'pembayaran',	'update',	'Update'),
(73,	'pembayaran',	'delete',	'Delete'),
(74,	'pendanaan',	'index',	'Index'),
(75,	'pendanaan',	'view',	'View'),
(76,	'pendanaan',	'create',	'Create'),
(77,	'pendanaan',	'update',	'Update'),
(78,	'pendanaan',	'delete',	'Delete'),
(79,	'setting',	'index',	'Index'),
(80,	'setting',	'view',	'View'),
(81,	'setting',	'create',	'Create'),
(82,	'setting',	'update',	'Update'),
(83,	'setting',	'delete',	'Delete'),
(84,	'pendanaan',	'approve-pendanaan',	'Approve Pendanaan'),
(85,	'pendanaan',	'pendanaan-cair',	'Pendanaan Cair'),
(86,	'pendanaan',	'pendanaan-selesai',	'Pendanaan Selesai'),
(87,	'pendanaan',	'pendanaan-tolak',	'Pendanaan Tolak'),
(88,	'pembayaran',	'approve-pembayaran',	'Approve Pembayaran'),
(89,	'pembayaran',	'pembayaran-tolak',	'Pembayaran Tolak'),
(90,	'partner-pendanaan',	'index',	'Index'),
(91,	'partner-pendanaan',	'view',	'View'),
(92,	'partner-pendanaan',	'create',	'Create'),
(93,	'partner-pendanaan',	'update',	'Update'),
(94,	'partner-pendanaan',	'delete',	'Delete'),
(95,	'agenda-pendanaan',	'index',	'Index'),
(96,	'agenda-pendanaan',	'view',	'View'),
(97,	'agenda-pendanaan',	'create',	'Create'),
(98,	'agenda-pendanaan',	'update',	'Update'),
(99,	'agenda-pendanaan',	'delete',	'Delete'),
(100,	'jenis-pembayaran',	'index',	'Index'),
(101,	'jenis-pembayaran',	'view',	'View'),
(102,	'jenis-pembayaran',	'create',	'Create'),
(103,	'jenis-pembayaran',	'update',	'Update'),
(104,	'jenis-pembayaran',	'delete',	'Delete'),
(105,	'tema-hubungi-kami',	'index',	'Index'),
(106,	'tema-hubungi-kami',	'view',	'View'),
(107,	'tema-hubungi-kami',	'create',	'Create'),
(108,	'tema-hubungi-kami',	'update',	'Update'),
(109,	'tema-hubungi-kami',	'delete',	'Delete'),
(110,	'pendanaan',	'unduh-file-uraian',	'Unduh File Uraian'),
(111,	'organisasi',	'index',	'Index'),
(112,	'organisasi',	'view',	'View'),
(113,	'organisasi',	'create',	'Create'),
(114,	'organisasi',	'update',	'Update'),
(115,	'organisasi',	'delete',	'Delete'),
(116,	'lembaga-penerima',	'index',	'Index'),
(117,	'lembaga-penerima',	'view',	'View'),
(118,	'lembaga-penerima',	'create',	'Create'),
(119,	'lembaga-penerima',	'update',	'Update'),
(120,	'lembaga-penerima',	'delete',	'Delete'),
(121,	'pendanaan',	'export',	'Export'),
(122,	'pendanaan',	'cetak',	'Cetak'),
(123,	'pembayaran',	'cetak',	'Cetak'),
(124,	'kategori-berita',	'index',	'Index'),
(125,	'kategori-berita',	'view',	'View'),
(126,	'kategori-berita',	'create',	'Create'),
(127,	'kategori-berita',	'update',	'Update'),
(128,	'kategori-berita',	'delete',	'Delete'),
(129,	'berita',	'index',	'Index'),
(130,	'berita',	'view',	'View'),
(131,	'berita',	'create',	'Create'),
(132,	'berita',	'update',	'Update'),
(133,	'berita',	'delete',	'Delete'),
(134,	'testimonials',	'index',	'Index'),
(135,	'testimonials',	'view',	'View'),
(136,	'testimonials',	'create',	'Create'),
(137,	'testimonials',	'update',	'Update'),
(138,	'testimonials',	'delete',	'Delete'),
(139,	'hubungi-kami',	'index',	'Index'),
(140,	'hubungi-kami',	'view',	'View'),
(141,	'hubungi-kami',	'create',	'Create'),
(142,	'hubungi-kami',	'update',	'Update'),
(143,	'hubungi-kami',	'delete',	'Delete'),
(144,	'hubungi-kami',	'sudah-dihubungi',	'Sudah Dihubungi'),
(145,	'site',	'error',	'Error'),
(146,	'setting',	'unduh',	'Unduh');

SET NAMES utf8mb4;

DROP TABLE IF EXISTS `agenda_pendanaan`;
CREATE TABLE `agenda_pendanaan` (
  `id` int(11) NOT NULL AUTO_INCREMENT,
  `pendanaan_id` int(11) NOT NULL,
  `nama_agenda` varchar(255) NOT NULL,
  `tanggal` date NOT NULL,
  PRIMARY KEY (`id`),
  KEY `pendanaan_id` (`pendanaan_id`),
  CONSTRAINT `agenda_pendanaan_ibfk_1` FOREIGN KEY (`pendanaan_id`) REFERENCES `pendanaan` (`id`)
) ENGINE=InnoDB DEFAULT CHARSET=utf8mb4;

INSERT INTO `agenda_pendanaan` (`id`, `pendanaan_id`, `nama_agenda`, `tanggal`) VALUES
(1,	3,	'Nama Agenda Pendanaan',	'2021-07-07'),
(7,	17,	'Pembangunan masjid',	'2021-08-25'),
(8,	18,	'Hohohihi',	'2021-08-01'),
(9,	19,	'Pembangunan jalan',	'2021-07-30'),
(10,	21,	'Pembangunan Masjid dimulai pada tanggal 1 September 2021',	'2021-09-01'),
(11,	21,	'Pembangunan Mushola dimulai pada tanggal 1 Oktober 2021',	'2021-10-01'),
(12,	23,	'Agenda',	'2021-08-31'),
(13,	25,	'afenda',	'2021-08-03'),
(14,	26,	'Agenda 1',	'2021-09-30'),
(15,	27,	'Pembangunan',	'2021-09-22'),
(16,	28,	'Agenda 1',	'2021-09-28'),
(17,	29,	'Agenda 1',	'2021-10-05'),
(18,	30,	'Membangun kamar mandi',	'2021-10-07'),
(19,	30,	'Renovasi tempat wudhu',	'2021-10-10'),
(20,	31,	'Brokohan',	'2021-10-20'),
(21,	32,	'Brokohan',	'2021-10-28'),
(22,	33,	'Fahru Col',	'2021-10-28'),
(23,	34,	'Ffrfr',	'2021-10-28'),
(24,	35,	'Agenda 1',	'2021-10-05'),
(25,	36,	'Peluncuran',	'2021-10-30'),
(26,	37,	'Membangun kamar mandi',	'2021-10-21');

DROP TABLE IF EXISTS `bank`;
CREATE TABLE `bank` (
  `id` int(11) NOT NULL AUTO_INCREMENT,
  `name` varchar(255) DEFAULT NULL,
  `logo` varchar(255) DEFAULT NULL,
  PRIMARY KEY (`id`)
) ENGINE=InnoDB DEFAULT CHARSET=utf8mb4;

INSERT INTO `bank` (`id`, `name`, `logo`) VALUES
(1,	'BNI',	'w_k9OQ4vXaEy_j1gzUs4FjjDEk4sCw-F.png'),
(2,	'BRI',	'J7vrXc5_tm2EkUOoW7jVnf3y8TQSQdl3.png'),
(3,	'BCA',	NULL),
(4,	'Mandiri',	NULL),
(5,	'Cimb Niaga',	NULL);

DROP TABLE IF EXISTS `berita`;
CREATE TABLE `berita` (
  `id` int(11) NOT NULL AUTO_INCREMENT,
  `kategori_berita_id` int(11) NOT NULL,
  `user_id` int(11) NOT NULL,
  `judul` varchar(255) NOT NULL,
  `slug` varchar(255) NOT NULL,
  `gambar` varchar(255) NOT NULL,
  `isi` text NOT NULL,
  `created_at` datetime NOT NULL,
  `updated_at` datetime NOT NULL,
  PRIMARY KEY (`id`),
  KEY `kategori_berita_id` (`kategori_berita_id`),
  KEY `user_id` (`user_id`),
  CONSTRAINT `berita_ibfk_1` FOREIGN KEY (`kategori_berita_id`) REFERENCES `kategori_berita` (`id`),
  CONSTRAINT `berita_ibfk_2` FOREIGN KEY (`user_id`) REFERENCES `user` (`id`)
) ENGINE=InnoDB DEFAULT CHARSET=utf8mb4;

INSERT INTO `berita` (`id`, `kategori_berita_id`, `user_id`, `judul`, `slug`, `gambar`, `isi`, `created_at`, `updated_at`) VALUES
(1,	1,	1,	'Wakaf Terbaru',	'Wakaf-Terbaru2021-10-08',	'3rLzrlLnmP12-HMqO7kIRhxMqw8CP9fV.jpg',	'Isi Berita',	'2021-10-08 21:21:59',	'2021-10-08 21:21:59'),
(2,	1,	1,	'Wakaf Terbaru',	'Wakaf-Terbaru2021-10-08',	'3rLzrlLnmP12-HMqO7kIRhxMqw8CP9fV.jpg',	'Isi Berita',	'2021-10-08 21:21:59',	'2021-10-08 21:21:59'),
(3,	1,	1,	'Wakaf Terbaru',	'Wakaf-Terbaru2021-10-08',	'3rLzrlLnmP12-HMqO7kIRhxMqw8CP9fV.jpg',	'Isi Berita',	'2021-10-08 21:21:59',	'2021-10-08 21:21:59'),
(4,	1,	1,	'Wakaf Terbaru',	'Wakaf-Terbaru2021-10-08',	'3rLzrlLnmP12-HMqO7kIRhxMqw8CP9fV.jpg',	'Isi Berita',	'2021-10-08 21:21:59',	'2021-10-08 21:21:59'),
(5,	1,	1,	'Wakaf Terbaru',	'Wakaf-Terbaru2021-10-08',	'3rLzrlLnmP12-HMqO7kIRhxMqw8CP9fV.jpg',	'Isi Berita',	'2021-10-08 21:21:59',	'2021-10-08 21:21:59'),
(6,	1,	1,	'Wakaf Terbaru',	'Wakaf-Terbaru2021-10-08',	'3rLzrlLnmP12-HMqO7kIRhxMqw8CP9fV.jpg',	'Isi Berita',	'2021-10-08 21:21:59',	'2021-10-08 21:21:59'),
(7,	1,	1,	'Wakaf Terbaru',	'Wakaf-Terbaru2021-10-08',	'3rLzrlLnmP12-HMqO7kIRhxMqw8CP9fV.jpg',	'Isi Berita',	'2021-10-08 21:21:59',	'2021-10-08 21:21:59'),
(8,	1,	1,	'Wakaf Terbaru',	'Wakaf-Terbaru2021-10-08',	'3rLzrlLnmP12-HMqO7kIRhxMqw8CP9fV.jpg',	'Isi Berita',	'2021-10-08 21:21:59',	'2021-10-08 21:21:59'),
(9,	2,	1,	'-',	'-2021-11-09',	'coGzRL50rDXENTLCHS4jeFOgjfxYnR7Z.jpg',	'<p>asdasdsa</p>\r\n<p>asdasdasdsa</p>\r\n<p>&nbsp;</p>\r\n<p>asdasasdasdasdss</p>',	'2021-11-09 13:40:06',	'2021-11-09 13:52:57'),
(10,	2,	1,	'Testing',	'Testing2021-11-26',	'sDD8lAF5VOTJnk0Wp3vkUGbcwLnm4vM4.jpg',	'<p>Testingasdasdsadsa</p>',	'2021-11-26 15:27:28',	'2021-11-26 15:27:28'),
(11,	3,	1,	'sadas',	'sadas2021-11-26',	'berita/20211126_8856067cf691809f0744ce9ecb0ea5a043439c79.jpg',	'<p>-</p>',	'2021-11-26 19:28:32',	'2021-11-26 19:28:32'),
(12,	2,	1,	'asdas',	'asdas2021-11-26',	'20211126_fc8adddadae6764f7fcb4a9c5039b00decd4b21e.jpg',	'<p>asd</p>',	'2021-11-26 19:31:09',	'2021-11-26 19:31:09'),
(13,	3,	1,	'asdas',	'asdas2021-11-26',	'20211126_21c5a464cdaf924fd7f64e20a405be2a0d5134be.jpg',	'<p>asdas</p>',	'2021-11-26 21:31:31',	'2021-11-26 21:31:31'),
(14,	2,	1,	'asdasas',	'asdasas2021-11-26',	'20211126_772013de61fb2642faccd06b200df24f8d52d093.png',	'<p>p</p>',	'2021-11-26 21:39:13',	'2021-11-26 21:39:13'),
(15,	3,	1,	'asdsa',	'asdsa2021-11-26',	'20211126_3d7b4f23b8f853910e4c64f09cdf897a59db524a.png',	'<p>asd</p>',	'2021-11-26 21:41:45',	'2021-11-26 21:41:45'),
(16,	2,	1,	'asdasds',	'asdasds2021-11-26',	'20211126_5f4adc9193063728a50906154ab42a088caafe2a.png',	'<p>asd</p>',	'2021-11-26 21:42:33',	'2021-11-26 21:42:33'),
(17,	2,	1,	'asdaaaaa',	'asdaaaaa2021-11-26',	'20211126_a6d66f63ee781d2df047ea723aee38e691d3fda9.png',	'<p>p</p>',	'2021-11-26 21:43:13',	'2021-11-26 21:43:13'),
(18,	2,	1,	'asdas',	'asdas2021-11-26',	'20211126_3b8be1ddb4d49fc85d469a4ae81ba0d8fec52157.jpeg',	'<p>sadsadas</p>',	'2021-11-26 21:47:04',	'2021-11-26 21:47:04'),
(19,	2,	1,	'asdasjdasask',	'asdasjdasask2021-11-26',	'20211126_1c35ab6116cbc4296aef1859eae8e695aad4ed3d.jpeg',	'<p>p</p>',	'2021-11-26 21:48:42',	'2021-11-26 21:48:42'),
(20,	3,	1,	'2asdas',	'asdas2021-11-26',	'20211126_c9397ed8f9399168690fc5bf85f1301d05c7427f.png',	'<p>a</p>',	'2021-11-26 21:55:15',	'2021-11-26 22:06:44'),
(21,	2,	1,	'testinggg',	'testinggg2021-11-26',	'20211126_5faa7e4e1f7c253df37d3e999be83b8d3e4e9609.png',	'<p>asd</p>',	'2021-11-26 22:07:21',	'2021-11-26 22:07:21'),
(22,	1,	1,	'jlklkl',	'jlklkl2021-11-26',	'047e38caf8b751584a459b29ae4a681f21a59ba3.png',	'<p>bbmnbnbvbbbcxvcvvbbvbvvbgbvghh</p>',	'2021-11-26 22:16:43',	'2021-11-26 22:16:43');

DROP TABLE IF EXISTS `hubungi_kami`;
CREATE TABLE `hubungi_kami` (
  `id` int(11) NOT NULL AUTO_INCREMENT,
  `nama` varchar(255) NOT NULL,
  `nomor_hp` varchar(255) NOT NULL,
  `tema_hubungi_kami_id` int(11) NOT NULL,
  `status` tinyint(1) NOT NULL,
  `created_at` timestamp NULL DEFAULT NULL,
  `updated_at` timestamp NULL DEFAULT NULL,
  PRIMARY KEY (`id`),
  KEY `tema_hubungi_kami_id` (`tema_hubungi_kami_id`),
  CONSTRAINT `hubungi_kami_ibfk_1` FOREIGN KEY (`tema_hubungi_kami_id`) REFERENCES `tema_hubungi_kami` (`id`)
) ENGINE=InnoDB DEFAULT CHARSET=utf8mb4;

INSERT INTO `hubungi_kami` (`id`, `nama`, `nomor_hp`, `tema_hubungi_kami_id`, `status`, `created_at`, `updated_at`) VALUES
(61,	'tes',	'089637384849',	2,	0,	'2021-07-24 15:20:45',	'2021-07-24 15:20:45'),
(62,	'Faisal',	'08114606682',	1,	1,	'2021-08-01 05:27:20',	'2021-10-15 16:23:36');

DROP TABLE IF EXISTS `jenis_pembayaran`;
CREATE TABLE `jenis_pembayaran` (
  `id` int(11) NOT NULL AUTO_INCREMENT,
  `nama_jenis` varchar(255) NOT NULL,
  PRIMARY KEY (`id`)
) ENGINE=InnoDB DEFAULT CHARSET=latin1;

INSERT INTO `jenis_pembayaran` (`id`, `nama_jenis`) VALUES
(1,	'Bank'),
(2,	'OVO'),
(3,	'GOPAY'),
(4,	'Alfamart'),
(5,	'Indomaret');

DROP TABLE IF EXISTS `kategori_berita`;
CREATE TABLE `kategori_berita` (
  `id` int(11) NOT NULL AUTO_INCREMENT,
  `nama` varchar(255) NOT NULL,
  PRIMARY KEY (`id`)
) ENGINE=InnoDB DEFAULT CHARSET=utf8mb4;

INSERT INTO `kategori_berita` (`id`, `nama`) VALUES
(1,	'Literasi Wakaf'),
(2,	'Wakaf in Action'),
(3,	'Kata Wakif');

DROP TABLE IF EXISTS `kategori_pendanaan`;
CREATE TABLE `kategori_pendanaan` (
  `id` int(11) NOT NULL AUTO_INCREMENT,
  `name` varchar(255) DEFAULT NULL,
  PRIMARY KEY (`id`)
) ENGINE=InnoDB DEFAULT CHARSET=utf8mb4;

INSERT INTO `kategori_pendanaan` (`id`, `name`) VALUES
(1,	'Perdagangan'),
(2,	'sedekah'),
(3,	'wakaf'),
(4,	'bencana alam');

DROP TABLE IF EXISTS `lembaga_penerima`;
CREATE TABLE `lembaga_penerima` (
  `id` int(11) NOT NULL AUTO_INCREMENT,
  `nama` varchar(255) NOT NULL,
  `foto` varchar(255) DEFAULT NULL,
  `flag` int(11) NOT NULL,
  `deskripsi` text,
  PRIMARY KEY (`id`)
) ENGINE=InnoDB DEFAULT CHARSET=utf8mb4;

INSERT INTO `lembaga_penerima` (`id`, `nama`, `foto`, `flag`, `deskripsi`) VALUES
(1,	'Bank Muamalat',	'srOTzpwoR42ji6gDcr2l76ZeY7yg_1uP.jpeg',	1,	''),
(2,	'BNI Syariah',	'0V6XgIYA9JSjJEaU9XSnw504-_GEf0ik.png',	1,	'-'),
(3,	'Bank Mandiri Syariah',	'Ye-kdkXwaPvAAOdEEzj6M3dV9IHeoqfS.png',	1,	''),
(4,	'Bank Muamalatt',	'gy0T_kpeOGMvwUA-pcpr-wOyM2ONvGoM.jpeg',	0,	'Bank Muamalatt');

DROP TABLE IF EXISTS `marketing_data_user`;
CREATE TABLE `marketing_data_user` (
  `id` int(11) NOT NULL AUTO_INCREMENT,
  `nama` varchar(255) DEFAULT NULL,
  `alamat` varchar(255) DEFAULT NULL,
  `domisili` varchar(255) DEFAULT NULL,
  `no_rekening` int(11) DEFAULT NULL,
  `no_identitas` varchar(255) DEFAULT NULL,
  `referensi_kerja` varchar(255) DEFAULT NULL,
  `bank_id` int(11) NOT NULL,
  `user_id` int(11) NOT NULL,
  PRIMARY KEY (`id`),
  KEY `fk-marketing-data-user-to-user-table` (`user_id`),
  KEY `fk-marketing-data-user-bank` (`bank_id`),
  CONSTRAINT `fk-marketing-data-user-bank` FOREIGN KEY (`bank_id`) REFERENCES `bank` (`id`) ON DELETE CASCADE ON UPDATE CASCADE,
  CONSTRAINT `fk-marketing-data-user-to-user-table` FOREIGN KEY (`user_id`) REFERENCES `user` (`id`) ON DELETE CASCADE ON UPDATE CASCADE
) ENGINE=InnoDB DEFAULT CHARSET=utf8mb4;

INSERT INTO `marketing_data_user` (`id`, `nama`, `alamat`, `domisili`, `no_rekening`, `no_identitas`, `referensi_kerja`, `bank_id`, `user_id`) VALUES
(3,	'Budi Admin',	'ponorogo',	'Batu',	12345,	'1234',	'banyak',	1,	1),
(4,	'HIHIHI',	'ponorogo',	'batu',	123123123,	'123123123',	'kerja',	1,	17),
(5,	'Wildan',	'Ponorogo',	'Batu',	12345678,	'123456789564',	'Program',	1,	27),
(6,	'Wildansyah',	'Jalan Trunojoyo no 28',	'Jalan Trunojoyo no 28',	123690875,	'351321459632587',	'-',	2,	48),
(7,	'nama',	'alamat',	'domisili',	93220,	NULL,	NULL,	2,	17),
(8,	'Rudi',	'jalan batu',	'malang',	9083248,	'094887891798',	'kerja rodi',	3,	52),
(9,	'anma',	'alamt',	'domisili',	92309849,	'0982382',	'kerja',	4,	53),
(10,	'Budi Setiawan',	'Jl. Ir Sukarno No.8, Beji, Kec. Junrejo, Kota Batu, Jawa Timur 65315',	'Jl. Ir Sukarno No.8, Beji, Kec. Junrejo, Kota Batu, Jawa Timur 65315',	210009921,	'9274128000002',	'CEO Tokopedia',	3,	54);

DROP TABLE IF EXISTS `menu`;
CREATE TABLE `menu` (
  `id` int(11) NOT NULL AUTO_INCREMENT,
  `name` varchar(50) NOT NULL,
  `controller` varchar(50) NOT NULL,
  `action` varchar(50) NOT NULL DEFAULT 'index',
  `icon` varchar(50) NOT NULL,
  `order` int(11) NOT NULL DEFAULT '1',
  `parent_id` int(11) DEFAULT NULL,
  PRIMARY KEY (`id`),
  KEY `parent_id` (`parent_id`),
  CONSTRAINT `menu_ibfk_1` FOREIGN KEY (`parent_id`) REFERENCES `menu` (`id`)
) ENGINE=InnoDB DEFAULT CHARSET=latin1;

INSERT INTO `menu` (`id`, `name`, `controller`, `action`, `icon`, `order`, `parent_id`) VALUES
(1,	'Home',	'site',	'index',	'fa fa-home',	1,	NULL),
(2,	'Master',	'',	'index',	'fa fa-database',	2,	NULL),
(3,	'Menu',	'menu',	'index',	'fa fa-circle-o',	10,	2),
(4,	'Role',	'role',	'index',	'fa fa-circle-o',	11,	2),
(5,	'User',	'user',	'index',	'fa fa-circle-o',	12,	2),
(6,	'Bank',	'bank',	'index',	'fa fa-bank',	7,	2),
(7,	'Kategori Pendanaan',	'kategori-pendanaan',	'index',	'fa fa-align-justify',	8,	2),
(8,	'Data Marketing ',	'marketing-data-user',	'index',	'fa fa-user-secret',	2,	NULL),
(9,	'Pembayaran',	'pembayaran',	'index',	'fa fa-money',	3,	NULL),
(10,	'Pendanaan',	'pendanaan',	'index',	'fa fa-bank',	4,	NULL),
(11,	'Master Status',	'status',	'index',	'fa fa-align-justify',	9,	2),
(12,	'Setting Website',	'setting',	'index',	'fa fa-align-justify',	5,	NULL),
(13,	'Partner Pendanaan',	'partner-pendanaan',	'index',	'fa fa-users',	1,	NULL),
(14,	'Agenda Pendanaan',	'agenda-pendanaan',	'index',	'fa fa-calendar',	1,	NULL),
(15,	'Jenis Pembayaran',	'jenis-pembayaran',	'index',	'fa fa-money',	1,	2),
(16,	'Tema Hubungi Kami',	'tema-hubungi-kami',	'index',	'fa fa-align-justify',	1,	2),
(17,	'Organisasi',	'organisasi',	'index',	'fa fa-group',	1,	2),
(18,	'Lembaga Penerima',	'lembaga-penerima',	'index',	'fa fa-group',	1,	2),
(19,	'Kategori Berita',	'kategori-berita',	'index',	'fa fa-align-justify',	1,	2),
(20,	'Berita',	'berita',	'index',	'fa fa-newspaper-o',	1,	NULL),
(21,	'Testimoni',	'testimonials',	'index',	'fa fa-user',	1,	NULL),
(22,	'Hubungi Kami',	'hubungi-kami',	'index',	'fa fa-envelope-o',	1,	NULL);

DROP TABLE IF EXISTS `notifikasi`;
CREATE TABLE `notifikasi` (
  `id` int(11) NOT NULL AUTO_INCREMENT,
  `message` text NOT NULL,
  `date` datetime NOT NULL,
  `flag` int(11) NOT NULL,
  `user_id` int(11) NOT NULL,
  PRIMARY KEY (`id`),
  KEY `user_id` (`user_id`),
  CONSTRAINT `notifikasi_ibfk_1` FOREIGN KEY (`user_id`) REFERENCES `user` (`id`)
) ENGINE=InnoDB DEFAULT CHARSET=latin1;

INSERT INTO `notifikasi` (`id`, `message`, `date`, `flag`, `user_id`) VALUES
(1,	'Pembayaran dana untuk Pendanaan Sumbangan Diri Telah disetujui',	'2021-07-25 12:05:49',	1,	18),
(2,	'Pendanaan Pendanaan 12 Telah selesai',	'2021-07-25 12:15:05',	0,	1),
(3,	'Pembayaran dana untuk Pendanaan Sumbangan Diri Telah disetujui',	'2021-07-25 14:13:21',	1,	18),
(10,	'Hai nama,Pendanaan Sumbangan Diri Telah di cairkan Pada Tanggal 27 Jul 2021',	'2021-07-27 09:51:44',	1,	18),
(11,	'Hai Adi,Pendanaan Sumbangan Diri Telah di cairkan Pada Tanggal 27 Jul 2021',	'2021-07-27 09:51:44',	1,	18),
(12,	'Pendanaan Pendanaan Wakaf Telah di Setujui',	'2021-07-30 10:08:36',	1,	27),
(13,	'Pembayaran dana untuk Pendanaan Pendanaan Wakaf Telah disetujui',	'2021-07-30 10:41:26',	1,	26),
(14,	'Pembayaran dana untuk Pendanaan Pendanaan Wakaf Telah disetujui',	'2021-07-30 10:42:41',	1,	26),
(15,	'Pendanaan Pendanaan Wakaf Telah selesai',	'2021-07-30 10:47:55',	1,	26),
(16,	'Pendanaan Pendanaan Wakaf Telah selesai',	'2021-07-30 10:47:55',	1,	26),
(17,	'Hai Iannn,Pendanaan Pendanaan Wakaf Telah di cairkan Pada Tanggal 30 Jul 2021',	'2021-07-30 10:48:06',	1,	26),
(18,	'Hai Hamba allah,Pendanaan Pendanaan Wakaf Telah di cairkan Pada Tanggal 30 Jul 2021',	'2021-07-30 10:48:06',	1,	26),
(19,	'Pendanaan Pendanaan Wakaf Telah selesai',	'2021-07-30 11:10:40',	1,	26),
(20,	'Pendanaan Pendanaan Wakaf Telah selesai',	'2021-07-30 11:10:40',	1,	26),
(21,	'Pendanaan Sumbangan Fahru Telah di Setujui',	'2021-07-30 11:16:16',	1,	17),
(22,	'Pendanaan Pendanaan Wakaf Telah selesai',	'2021-07-30 11:16:51',	1,	26),
(23,	'Pendanaan Pendanaan Wakaf Telah selesai',	'2021-07-30 11:16:51',	1,	26),
(24,	'Pendanaan  wakaf jalan Diponegoro Telah di Setujui',	'2021-07-30 11:25:26',	1,	27),
(25,	'Pendanaan  wakaf jalan Diponegoro Telah selesai',	'2021-07-30 11:29:23',	1,	26),
(26,	'Pendanaan  wakaf jalan Diponegoro Telah selesai',	'2021-07-30 11:29:23',	1,	26),
(28,	'Pendanaan Pembangunan Masjid dan Mushola di jalan Merauke Telah di Setujui',	'2021-08-02 12:06:17',	1,	48),
(29,	'Pembayaran dana untuk Pendanaan Pembangunan Masjid dan Mushola di jalan Merauke Telah disetujui',	'2021-08-02 12:14:14',	1,	49),
(30,	'Pendanaan Pembangunan Masjid dan Mushola di jalan Merauke Telah selesai',	'2021-08-02 12:18:02',	1,	49),
(31,	'Pendanaan Pembangunan Masjid dan Mushola di jalan Merauke Telah selesai',	'2021-08-02 12:18:02',	1,	49),
(32,	'Pendanaan Pembangunan Masjid dan Mushola di jalan Merauke Telah selesai',	'2021-08-02 12:25:28',	1,	49),
(33,	'Pendanaan Pembangunan Masjid dan Mushola di jalan Merauke Telah selesai',	'2021-08-02 12:25:28',	1,	49),
(34,	'Pendanaan Pembangunan Masjid dan Mushola di jalan Merauke Telah selesai',	'2021-08-02 12:25:28',	1,	48),
(35,	'Hai Wildan,Pendanaan Pembangunan Masjid dan Mushola di jalan Merauke Telah di cairkan Pada Tanggal 02 Ags 2021',	'2021-08-02 12:26:02',	1,	49),
(36,	'Hai Wildan,Pendanaan Pembangunan Masjid dan Mushola di jalan Merauke Telah di cairkan Pada Tanggal 02 Ags 2021',	'2021-08-02 12:26:02',	1,	49),
(37,	'Pendanaan Pembangunan Masjid dan Mushola di jalan Merauke Telah anda Cairkan',	'2021-08-02 12:26:02',	1,	48),
(38,	'Pembayaran dana untuk Pendanaan Sumbangan Fahru Telah disetujui',	'2021-08-03 13:10:37',	1,	51),
(39,	'Pendanaan Pendanaan untuk Korban Bencana Banjir Telah di Setujui',	'2021-08-03 14:37:56',	1,	52),
(40,	'Pembayaran dana untuk Pendanaan Pendanaan untuk Korban Bencana Banjir Telah disetujui',	'2021-08-03 14:55:20',	1,	51),
(41,	'Pendanaan Pendanaan untuk Korban Bencana Banjir Telah selesai',	'2021-08-03 15:06:02',	1,	51),
(42,	'Pendanaan Pendanaan untuk Korban Bencana Banjir Telah selesai',	'2021-08-03 15:06:02',	1,	52),
(43,	'Hai nama,Pendanaan Pendanaan untuk Korban Bencana Banjir Telah di cairkan Pada Tanggal 03 Ags 2021',	'2021-08-03 15:06:52',	1,	51),
(44,	'Pendanaan Pendanaan untuk Korban Bencana Banjir Telah anda Cairkan',	'2021-08-03 15:06:52',	1,	52),
(45,	'Pendanaan tes dana Telah di Setujui',	'2021-08-03 15:20:23',	1,	53),
(46,	'Pendanaan Sumbangan Fahru Telah selesai',	'2021-08-03 15:20:38',	1,	30),
(47,	'Pendanaan Sumbangan Fahru Telah selesai',	'2021-08-03 15:20:38',	1,	51),
(48,	'Pendanaan Sumbangan Fahru Telah selesai',	'2021-08-03 15:20:38',	1,	17),
(49,	'Hai hadudu,Pendanaan Sumbangan Fahru Telah di cairkan Pada Tanggal 03 Ags 2021',	'2021-08-03 15:20:46',	1,	30),
(50,	'Hai wildan,Pendanaan Sumbangan Fahru Telah di cairkan Pada Tanggal 03 Ags 2021',	'2021-08-03 15:20:46',	1,	51),
(51,	'Pendanaan Sumbangan Fahru Telah anda Cairkan',	'2021-08-03 15:20:46',	1,	17),
(52,	'Pembayaran dana untuk Pendanaan tes dana Telah disetujui',	'2021-08-03 15:21:48',	1,	51),
(53,	'Hai Iannn,Pendanaan Pendanaan Wakaf Telah di cairkan Pada Tanggal 05 Ags 2021',	'2021-08-05 13:00:05',	1,	26),
(54,	'Hai Hamba allah,Pendanaan Pendanaan Wakaf Telah di cairkan Pada Tanggal 05 Ags 2021',	'2021-08-05 13:00:05',	1,	26),
(55,	'Pendanaan Pendanaan Wakaf Telah anda Cairkan',	'2021-08-05 13:00:05',	1,	27),
(56,	'Hai Iannn,Pendanaan Pendanaan Wakaf Telah di cairkan Pada Tanggal 05 Ags 2021',	'2021-08-05 13:03:36',	1,	26),
(57,	'Hai Hamba allah,Pendanaan Pendanaan Wakaf Telah di cairkan Pada Tanggal 05 Ags 2021',	'2021-08-05 13:03:36',	1,	26),
(58,	'Pendanaan Pendanaan Wakaf Telah anda Cairkan',	'2021-08-05 13:03:36',	1,	27),
(59,	'Hai Iannn,Pendanaan Pendanaan Wakaf Telah di cairkan Pada Tanggal 05 Ags 2021',	'2021-08-05 13:05:00',	1,	26),
(60,	'Hai Hamba allah,Pendanaan Pendanaan Wakaf Telah di cairkan Pada Tanggal 05 Ags 2021',	'2021-08-05 13:05:00',	1,	26),
(61,	'Pendanaan Pendanaan Wakaf Telah anda Cairkan',	'2021-08-05 13:05:00',	1,	27),
(62,	'Hai Iannn,Pendanaan Pendanaan Wakaf Telah di cairkan Pada Tanggal 05 Ags 2021',	'2021-08-05 13:10:57',	1,	26),
(63,	'Hai Hamba allah,Pendanaan Pendanaan Wakaf Telah di cairkan Pada Tanggal 05 Ags 2021',	'2021-08-05 13:10:57',	1,	26),
(64,	'Pendanaan Pendanaan Wakaf Telah anda Cairkan',	'2021-08-05 13:10:57',	1,	27),
(65,	'Hai Iannn,Pendanaan Pendanaan Wakaf Telah di cairkan Pada Tanggal 05 Ags 2021',	'2021-08-05 13:13:10',	1,	26),
(66,	'Hai Hamba allah,Pendanaan Pendanaan Wakaf Telah di cairkan Pada Tanggal 05 Ags 2021',	'2021-08-05 13:13:10',	1,	26),
(67,	'Pendanaan Pendanaan Wakaf Telah anda Cairkan',	'2021-08-05 13:13:10',	1,	27),
(68,	'Hai Iannn,Pendanaan Pendanaan Wakaf Telah di cairkan Pada Tanggal 05 Ags 2021',	'2021-08-05 13:15:41',	1,	26),
(69,	'Hai Hamba allah,Pendanaan Pendanaan Wakaf Telah di cairkan Pada Tanggal 05 Ags 2021',	'2021-08-05 13:15:41',	1,	26),
(70,	'Pendanaan Pendanaan Wakaf Telah anda Cairkan',	'2021-08-05 13:15:41',	1,	27),
(71,	'Hai Iannn,Pendanaan Pendanaan Wakaf Telah di cairkan Pada Tanggal 05 Ags 2021',	'2021-08-05 13:16:03',	1,	26),
(72,	'Hai Hamba allah,Pendanaan Pendanaan Wakaf Telah di cairkan Pada Tanggal 05 Ags 2021',	'2021-08-05 13:16:03',	1,	26),
(73,	'Pendanaan Pendanaan Wakaf Telah anda Cairkan',	'2021-08-05 13:16:03',	1,	27),
(74,	'Hai Iannn,Pendanaan Pendanaan Wakaf Telah di cairkan Pada Tanggal 05 Ags 2021',	'2021-08-05 13:19:10',	1,	26),
(75,	'Hai Hamba allah,Pendanaan Pendanaan Wakaf Telah di cairkan Pada Tanggal 05 Ags 2021',	'2021-08-05 13:19:10',	1,	26),
(76,	'Pendanaan Pendanaan Wakaf Telah anda Cairkan',	'2021-08-05 13:19:10',	1,	27),
(77,	'Hai Iannn,Pendanaan Pendanaan Wakaf Telah di cairkan Pada Tanggal 05 Ags 2021',	'2021-08-05 13:22:41',	1,	26),
(78,	'Hai Hamba allah,Pendanaan Pendanaan Wakaf Telah di cairkan Pada Tanggal 05 Ags 2021',	'2021-08-05 13:22:41',	1,	26),
(79,	'Pendanaan Pendanaan Wakaf Telah anda Cairkan',	'2021-08-05 13:22:41',	1,	27),
(80,	'Hai Iannn,Pendanaan Pendanaan Wakaf Telah di cairkan Pada Tanggal 05 Ags 2021',	'2021-08-05 13:25:24',	1,	26),
(81,	'Hai Hamba allah,Pendanaan Pendanaan Wakaf Telah di cairkan Pada Tanggal 05 Ags 2021',	'2021-08-05 13:25:24',	1,	26),
(82,	'Pendanaan Pendanaan Wakaf Telah anda Cairkan',	'2021-08-05 13:25:24',	1,	27),
(83,	'Hai Iannn,Pendanaan Pendanaan Wakaf Telah di cairkan Pada Tanggal 05 Ags 2021',	'2021-08-05 13:28:29',	1,	26),
(84,	'Hai Hamba allah,Pendanaan Pendanaan Wakaf Telah di cairkan Pada Tanggal 05 Ags 2021',	'2021-08-05 13:28:29',	1,	26),
(85,	'Pendanaan Pendanaan Wakaf Telah anda Cairkan',	'2021-08-05 13:28:29',	1,	27),
(86,	'Hai Iannn,Pendanaan Pendanaan Wakaf Telah di cairkan Pada Tanggal 05 Ags 2021',	'2021-08-05 13:29:26',	1,	26),
(87,	'Hai Hamba allah,Pendanaan Pendanaan Wakaf Telah di cairkan Pada Tanggal 05 Ags 2021',	'2021-08-05 13:29:26',	1,	26),
(88,	'Pendanaan Pendanaan Wakaf Telah anda Cairkan',	'2021-08-05 13:29:26',	1,	27),
(89,	'Pembayaran dana untuk Pendanaan tes dana Telah disetujui',	'2021-08-07 16:57:35',	1,	49),
(90,	'Pendanaan tes dana Telah selesai',	'2021-08-07 16:58:23',	1,	51),
(91,	'Pendanaan tes dana Telah selesai',	'2021-08-07 16:58:23',	1,	49),
(92,	'Pendanaan tes dana Telah selesai',	'2021-08-07 16:58:23',	1,	53),
(93,	'Pendanaan Bantuan untuk Warga Kurang Mampu di Desa SukaMaju Telah di Setujui',	'2021-08-23 15:06:31',	1,	54),
(94,	'Pembayaran dana untuk Pendanaan Bantuan untuk Warga Kurang Mampu di Desa SukaMaju Telah disetujui',	'2021-08-23 17:19:53',	1,	49),
(95,	'Pendanaan Bantuan untuk Warga Kurang Mampu di Desa SukaMaju Telah selesai',	'2021-08-23 17:20:41',	1,	49),
(96,	'Pendanaan Bantuan untuk Warga Kurang Mampu di Desa SukaMaju Telah selesai',	'2021-08-23 17:20:41',	1,	54),
(97,	'Hai Hamba Allah,Pendanaan Bantuan untuk Warga Kurang Mampu di Desa SukaMaju Telah di cairkan Pada Tanggal 23 Ags 2021',	'2021-08-23 17:21:06',	1,	49),
(98,	'Pendanaan Bantuan untuk Warga Kurang Mampu di Desa SukaMaju Telah anda Cairkan',	'2021-08-23 17:21:06',	1,	54),
(99,	'Hai Hamba Allah,Pendanaan Bantuan untuk Warga Kurang Mampu di Desa SukaMaju Telah di cairkan Pada Tanggal 23 Ags 2021',	'2021-08-23 17:26:38',	1,	49),
(100,	'Pendanaan Bantuan untuk Warga Kurang Mampu di Desa SukaMaju Telah anda Cairkan',	'2021-08-23 17:26:38',	1,	54),
(101,	'Hai Hamba Allah,Pendanaan Bantuan untuk Warga Kurang Mampu di Desa SukaMaju Telah di cairkan Pada Tanggal 23 Ags 2021',	'2021-08-23 17:36:09',	1,	49),
(102,	'Pendanaan Bantuan untuk Warga Kurang Mampu di Desa SukaMaju Telah anda Cairkan',	'2021-08-23 17:36:09',	1,	54),
(103,	'Hai Hamba Allah,Pendanaan Bantuan untuk Warga Kurang Mampu di Desa SukaMaju Telah di cairkan Pada Tanggal 23 Ags 2021',	'2021-08-23 17:37:02',	1,	49),
(104,	'Pendanaan Bantuan untuk Warga Kurang Mampu di Desa SukaMaju Telah anda Cairkan',	'2021-08-23 17:37:02',	1,	54),
(105,	'Pendanaan Pendanaan Percobaan Telah di Setujui',	'2021-09-17 17:11:28',	1,	17),
(106,	'Pembayaran dana untuk Pendanaan Pendanaan Percobaan Telah disetujui',	'2021-09-17 17:13:22',	1,	49),
(107,	'Pendanaan Pendanaan Percobaan Telah selesai',	'2021-09-19 11:04:30',	1,	49),
(108,	'Pendanaan Pendanaan Percobaan Telah selesai',	'2021-09-19 11:04:30',	1,	17),
(109,	'Hai Hamba allah,Pendanaan Pendanaan Percobaan Telah di cairkan Pada Tanggal 19 Sep 2021',	'2021-09-19 11:04:51',	1,	49),
(110,	'Pendanaan Pendanaan Percobaan Telah anda Cairkan',	'2021-09-19 11:04:51',	1,	17),
(111,	'Pendanaan Pendanaan untuk Membangun Masjid Telah selesai',	'2021-09-30 10:00:49',	1,	1),
(112,	'Pendanaan Pendanaan Percobaan 1 Telah di Setujui',	'2021-09-30 10:35:12',	1,	17),
(113,	'Pembayaran dana untuk Pendanaan Pendanaan Membangun Masjid Telah disetujui',	'2021-09-30 11:09:41',	1,	49),
(114,	'Pendanaan Pendanaan Membangun Masjid Telah selesai',	'2021-09-30 11:09:48',	1,	49),
(115,	'Pendanaan Pendanaan Membangun Masjid Telah selesai',	'2021-09-30 11:09:48',	1,	17),
(116,	'Pendanaan Pendanaan Membangun Masjid Telah di cairkan',	'2021-09-30 11:10:28',	1,	49),
(117,	'Pendanaan Pendanaan Membangun Masjid Telah Anda Cairkan',	'2021-09-30 11:10:31',	1,	17),
(118,	'Pendanaan Pendanaan untuk Membangun Masjid Telah Anda Cairkan',	'2021-09-30 14:56:41',	1,	1),
(119,	'Pendanaan Testing pendanaan Telah di Setujui',	'2021-10-04 06:40:51',	1,	17),
(120,	'Pembayaran dana untuk Pendanaan Testing pendanaan Telah disetujui',	'2021-10-04 06:42:17',	1,	49),
(121,	'Pendanaan Testing pendanaan Telah selesai',	'2021-10-04 06:43:20',	1,	49),
(122,	'Pendanaan Testing pendanaan Telah selesai',	'2021-10-04 06:43:20',	1,	17),
(123,	'Hai Wildan,Pendanaan Testing pendanaan Telah di cairkan Pada Tanggal 04 Okt 2021',	'2021-10-04 06:43:40',	1,	49),
(124,	'Pendanaan Testing pendanaan Telah anda Cairkan',	'2021-10-04 06:43:40',	1,	17),
(125,	'Pendanaan Pendanaan Untuk Masjid Telah di Setujui',	'2021-10-04 06:51:30',	1,	17),
(126,	'Pembayaran dana untuk Pendanaan Pendanaan Untuk Masjid Telah disetujui',	'2021-10-04 07:36:38',	1,	49),
(127,	'Pendanaan Pendanaan Untuk Masjid Telah selesai',	'2021-10-04 07:38:27',	1,	49),
(128,	'Pendanaan Pendanaan Untuk Masjid Telah selesai',	'2021-10-04 07:38:27',	1,	17),
(129,	'Hai Hamba Allah,Pendanaan Pendanaan Untuk Masjid Telah di cairkan Pada Tanggal 04 Okt 2021',	'2021-10-04 07:39:08',	1,	49),
(130,	'Pendanaan Pendanaan Untuk Masjid Telah anda Cairkan',	'2021-10-04 07:39:08',	1,	17),
(131,	'Pendanaan Pendanaan Untuk Masjid Telah di Setujui',	'2021-10-04 07:44:34',	1,	17),
(132,	'Pendanaan Pendanaan Untuk Masjid Telah selesai',	'2021-10-04 07:44:40',	1,	49),
(133,	'Pendanaan Pendanaan Untuk Masjid Telah selesai',	'2021-10-04 07:44:40',	1,	17),
(134,	'Hai Hamba Allah,Pendanaan Pendanaan Untuk Masjid Telah di cairkan Pada Tanggal 04 Okt 2021',	'2021-10-04 07:45:09',	1,	49),
(135,	'Pendanaan Pendanaan Untuk Masjid Telah anda Cairkan',	'2021-10-04 07:45:09',	1,	17),
(136,	'Pendanaan Fasd Telah di Setujui',	'2021-10-05 09:45:13',	1,	17),
(137,	'Pendanaan Pembangunan Masjid Telah di Setujui',	'2021-10-08 20:28:51',	1,	1),
(138,	'Pendanaan Pembangunan Masjid Telah di Setujui',	'2021-10-08 21:09:08',	1,	1),
(139,	'Pendanaan Pembangunan Masjid Telah selesai',	'2021-10-08 21:09:21',	1,	1),
(140,	'Pembayaran dana untuk Pendanaan Fasd Telah disetujui',	'2021-10-08 21:24:39',	1,	30),
(141,	'Pembayaran dana untuk Pendanaan Pendanaan Masjid Telah disetujui',	'2021-10-16 08:21:21',	1,	49),
(142,	'Pendanaan Fahru Nyumbang Telah di Setujui',	'2021-10-18 19:59:12',	1,	17),
(143,	'Pembayaran dana untuk Pendanaan Pembangunan Masjid Telah disetujui',	'2021-10-18 20:10:05',	1,	49),
(144,	'Pembayaran dana untuk Pendanaan Pembangunan Masjid Telah disetujui',	'2021-10-18 20:34:06',	1,	49),
(145,	'Pendanaan Testing Pendanaan Telah di Setujui',	'2021-10-20 15:22:26',	1,	1),
(146,	'Pembayaran dana untuk Pendanaan Testing Pendanaan Telah disetujui',	'2021-10-20 15:32:32',	1,	17),
(147,	'Pembayaran dana untuk Pendanaan Testing Pendanaan Telah disetujui',	'2021-10-20 15:32:54',	1,	17);

DROP TABLE IF EXISTS `organisasi`;
CREATE TABLE `organisasi` (
  `id` int(11) NOT NULL AUTO_INCREMENT,
  `nama` varchar(255) NOT NULL,
  `jabatan` varchar(255) NOT NULL,
  `foto` varchar(255) DEFAULT NULL,
  `quotes` text,
  `flag` int(11) DEFAULT NULL,
  PRIMARY KEY (`id`)
) ENGINE=InnoDB DEFAULT CHARSET=utf8mb4;

INSERT INTO `organisasi` (`id`, `nama`, `jabatan`, `foto`, `quotes`, `flag`) VALUES
(1,	'Bapak Direktur',	'Direktur',	'm03Dk5qBvil6drqHe5Vip9YMe26vHjxo.jpg',	'Lorem Ipsum is simply dummy text of the printing and typesetting industry. Lorem Ipsum has been the industry\'s standard dummy text ever since the 1500s, when an unknown printer took a galley of type and scrambled it to make a type specimen book. It has survived not only five centuries, but also the leap into electronic typesetting, remaining essentially unchanged. It was popularised in the 1960s with the release of Letraset sheets containing Lorem Ipsum passages, and more recently with desktop publishing software like Aldus PageMaker including versions of Lorem Ipsum.',	1),
(2,	'Ibu Sekretaris',	'Sekretaris',	'RErgUuR-eu3EEAEjVTXVSwqrqsUg3Y8b.jpg',	'Lorem Ipsum is simply dummy text of the printing and typesetting industry. Lorem Ipsum has been the industry\'s standard dummy text ever since the 1500s, when an unknown printer took a galley of type and scrambled it to make a type specimen book. It has survived not only five centuries, but also the leap into electronic typesetting, remaining essentially unchanged. It was popularised in the 1960s with the release of Letraset sheets containing Lorem Ipsum passages, and more recently with desktop publishing software like Aldus PageMaker including versions of Lorem Ipsum.',	1),
(3,	'lIbu Bendahara',	'Bendahara',	'cwrmFE1aQeDWul7yFfpuSaKbMqMtNx7M.jpg',	'Lorem Ipsum is simply dummy text of the printing and typesetting industry. Lorem Ipsum has been the industry\'s standard dummy text ever since the 1500s, when an unknown printer took a galley of type and scrambled it to make a type specimen book. It has survived not only five centuries, but also the leap into electronic typesetting, remaining essentially unchanged. It was popularised in the 1960s with the release of Letraset sheets containing Lorem Ipsum passages, and more recently with desktop publishing software like Aldus PageMaker including versions of Lorem Ipsum.',	1),
(4,	'Mas Marketing',	'Marketing',	'bX4iTTA-zA-oZO-JgYAr7C4DdjPso5eM.jpg',	'Lorem Ipsum is simply dummy text of the printing and typesetting industry. Lorem Ipsum has been the industry\'s standard dummy text ever since the 1500s, when an unknown printer took a galley of type and scrambled it to make a type specimen book. It has survived not only five centuries, but also the leap into electronic typesetting, remaining essentially unchanged. It was popularised in the 1960s with the release of Letraset sheets containing Lorem Ipsum passages, and more recently with desktop publishing software like Aldus PageMaker including versions of Lorem Ipsum.',	1),
(5,	'Mbak Marketing',	'Marketing',	'MPFd170pQXfMHNsJQBr16SCs1RESj2ua.jpg',	'Lorem Ipsum is simply dummy text of the printing and typesetting industry. Lorem Ipsum has been the industry\'s standard dummy text ever since the 1500s, when an unknown printer took a galley of type and scrambled it to make a type specimen book. It has survived not only five centuries, but also the leap into electronic typesetting, remaining essentially unchanged. It was popularised in the 1960s with the release of Letraset sheets containing Lorem Ipsum passages, and more recently with desktop publishing software like Aldus PageMaker including versions of Lorem Ipsum.',	1),
(6,	'Iankco',	'Dev',	'k9_dGk7G-f1H6QLe5mbjtzr2pklk561Q.jpg',	'Lorem Ipsum is simply dummy text of the printing and typesetting industry. Lorem Ipsum has been the industry\'s standard dummy text ever since the 1500s, when an unknown printer took a galley of type and scrambled it to make a type specimen book. It has survived not only five centuries, but also the leap into electronic typesetting, remaining essentially unchanged. It was popularised in the 1960s with the release of Letraset sheets containing Lorem Ipsum passages, and more recently with desktop publishing software like Aldus PageMaker including versions of Lorem Ipsum.',	0),
(7,	'Hanafi',	'Dev',	'zAj2Uh91oNjKo_Q00inp76oFz_flPu4t.jpg',	'Lorem Ipsum is simply dummy text of the printing and typesetting industry. Lorem Ipsum has been the industry\'s standard dummy text ever since the 1500s, when an unknown printer took a galley of type and scrambled it to make a type specimen book. It has survived not only five centuries, but also the leap into electronic typesetting, remaining essentially unchanged. It was popularised in the 1960s with the release of Letraset sheets containing Lorem Ipsum passages, and more recently with desktop publishing software like Aldus PageMaker including versions of Lorem Ipsum.',	1);

DROP TABLE IF EXISTS `otp`;
CREATE TABLE `otp` (
  `id` int(11) NOT NULL AUTO_INCREMENT,
  `id_user` int(11) NOT NULL,
  `kode_otp` int(11) NOT NULL,
  `is_used` int(11) NOT NULL,
  `created_at` timestamp NULL DEFAULT NULL ON UPDATE CURRENT_TIMESTAMP,
  `updated_at` timestamp NULL DEFAULT NULL,
  PRIMARY KEY (`id`),
  KEY `id_user` (`id_user`),
  CONSTRAINT `otp_ibfk_1` FOREIGN KEY (`id_user`) REFERENCES `user` (`id`)
) ENGINE=InnoDB DEFAULT CHARSET=utf8mb4;

INSERT INTO `otp` (`id`, `id_user`, `kode_otp`, `is_used`, `created_at`, `updated_at`) VALUES
(3,	10,	6891,	0,	'2021-07-18 19:29:47',	'2021-07-18 19:29:47'),
(4,	11,	3025,	1,	'2021-07-18 16:08:54',	'2021-07-18 16:08:54'),
(7,	14,	8904,	0,	'2021-07-18 19:03:08',	'2021-07-18 19:03:08'),
(10,	17,	9943,	0,	'2021-07-18 20:24:28',	'2021-07-18 20:24:01'),
(11,	18,	9580,	1,	'2021-07-22 15:29:23',	'2021-07-22 15:29:23'),
(19,	26,	7325,	1,	'2021-07-30 02:59:28',	'2021-07-30 02:59:28'),
(20,	27,	1128,	1,	'2021-07-30 03:00:13',	'2021-07-30 03:00:13'),
(23,	30,	3318,	1,	'2021-07-30 04:37:15',	'2021-07-30 04:37:15'),
(41,	48,	3093,	1,	'2021-08-02 04:38:15',	'2021-08-02 04:38:15'),
(42,	49,	5150,	1,	'2021-08-02 05:12:17',	'2021-08-02 05:12:17'),
(43,	51,	6326,	1,	'2021-08-03 05:43:44',	'2021-08-03 05:43:44'),
(44,	52,	4150,	1,	'2021-08-03 06:15:51',	'2021-08-03 06:15:51'),
(45,	53,	7617,	1,	'2021-08-03 08:18:00',	'2021-08-03 08:18:00'),
(46,	54,	7790,	1,	'2021-08-23 03:31:07',	'2021-08-23 03:31:07'),
(47,	55,	3898,	1,	'2021-08-23 07:58:22',	'2021-08-23 07:58:22');

DROP TABLE IF EXISTS `partner_pendanaan`;
CREATE TABLE `partner_pendanaan` (
  `id` int(11) NOT NULL AUTO_INCREMENT,
  `nama_partner` varchar(255) NOT NULL,
  `pendanaan_id` int(11) NOT NULL,
  `foto_ktp_partner` varchar(255) DEFAULT NULL,
  PRIMARY KEY (`id`),
  KEY `pendanaan_id` (`pendanaan_id`),
  CONSTRAINT `partner_pendanaan_ibfk_1` FOREIGN KEY (`pendanaan_id`) REFERENCES `pendanaan` (`id`)
) ENGINE=InnoDB DEFAULT CHARSET=latin1;

INSERT INTO `partner_pendanaan` (`id`, `nama_partner`, `pendanaan_id`, `foto_ktp_partner`) VALUES
(8,	'Yasir Nadem',	21,	'partner-pendanaan/2021-08-02/20210802_110758e6cb24ac07067a72a8d718dbafd5f5261c.jpg'),
(9,	'Agus',	23,	'partner-pendanaan/2021-08-03/20210803_87277d4685e66d0f85b9a13ed48c9253d5bc8fb0.jpg'),
(10,	'Budi',	23,	'partner-pendanaan/2021-08-03/20210803_f5e707278c16421e72717fe65f23b9394e92fed5.jpg'),
(11,	'partner',	25,	'partner-pendanaan/2021-08-03/20210803_8ba0e7e020675b1d43914b4aaaf68b892b52e974.jpg'),
(12,	'Yusuf',	26,	'partner-pendanaan/2021-08-23/20210823_5d79cd9c687577795a2349d2470ab268da2af699.jpg'),
(13,	'Partner 1',	27,	'partner-pendanaan/2021-09-17/20210917_70ac2ffcf11f24d59360e0d4cefb1816a96053a4.jpg'),
(14,	'Iankco',	28,	'partner-pendanaan/2021-09-19/20210919_7681487a700babdec731c9f339b33ab5abf52195.jpg'),
(15,	'Partner 1',	29,	'partner-pendanaan/2021-10-04/20211004_93ac1946cb917abc4735cdd1ee5fb7e3c6e164de.jpg'),
(16,	'Partner 1',	30,	'partner-pendanaan/2021-10-04/20211004_7c8b72146cc7eb1761d462eb86287a01d21b5e7a.jpg'),
(17,	'Super Dede',	31,	'partner-pendanaan/2021-10-04/20211004_c5e06d5e3fa1a0192d71ba9ae3c97385a282bf44.jpg'),
(18,	'FF',	32,	'partner-pendanaan/2021-10-04/20211004_e5d9a6fc5f64988cb4be455685d209cd662a8be5.png'),
(19,	'Fahru CS',	33,	'partner-pendanaan/2021-10-04/20211004_34d293d054e9352f321eee9ae3e52d6e47f91d03.png'),
(21,	'Agenda 1',	35,	'partner-pendanaan/2021-10-05/20211005_a57fa5b1c57271cf5f39945e88cd09c71edeff81.jpg'),
(22,	'Fahru ',	36,	'partner-pendanaan/2021-10-05/20211005_0abbb1561a4859fd97aad91e2b4a1eb9426b28b8.jpg'),
(24,	'ZUKY',	35,	'cQXj54ttYkeHchd1K0M8qaaXYe97jB1f.jpg');

DROP TABLE IF EXISTS `pembayaran`;
CREATE TABLE `pembayaran` (
  `id` int(11) NOT NULL AUTO_INCREMENT,
  `kode_transaksi` varchar(255) DEFAULT NULL,
  `nama` varchar(255) NOT NULL,
  `nominal` int(11) NOT NULL,
  `jumlah_lembaran` int(11) NOT NULL DEFAULT '0',
  `jenis_pembayaran_id` varchar(255) DEFAULT NULL,
  `bukti_transaksi` varchar(255) DEFAULT NULL,
  `user_id` int(11) NOT NULL,
  `pendanaan_id` int(11) NOT NULL,
  `tanggal_konfirmasi` datetime DEFAULT NULL,
  `code` varchar(255) DEFAULT NULL,
  `tanggal_upload_bukti` datetime DEFAULT NULL,
  `created_at` timestamp NULL DEFAULT NULL ON UPDATE CURRENT_TIMESTAMP,
  `updated_at` timestamp NULL DEFAULT NULL,
  `status_id` int(11) NOT NULL,
  PRIMARY KEY (`id`),
  KEY `fk-pembayaran-user` (`user_id`),
  KEY `fk-pembayaran-pendanaan` (`pendanaan_id`),
  KEY `fk-pembayaran-status` (`status_id`),
  KEY `jenis_pembayaran_id` (`jenis_pembayaran_id`(191)),
  CONSTRAINT `fk-pembayaran-status` FOREIGN KEY (`status_id`) REFERENCES `status` (`id`) ON DELETE CASCADE ON UPDATE CASCADE,
  CONSTRAINT `fk-pembayaran-user` FOREIGN KEY (`user_id`) REFERENCES `user` (`id`) ON DELETE CASCADE ON UPDATE CASCADE,
  CONSTRAINT `pembayaran_ibfk_2` FOREIGN KEY (`pendanaan_id`) REFERENCES `pendanaan` (`id`)
) ENGINE=InnoDB DEFAULT CHARSET=utf8mb4;

INSERT INTO `pembayaran` (`id`, `kode_transaksi`, `nama`, `nominal`, `jumlah_lembaran`, `jenis_pembayaran_id`, `bukti_transaksi`, `user_id`, `pendanaan_id`, `tanggal_konfirmasi`, `code`, `tanggal_upload_bukti`, `created_at`, `updated_at`, `status_id`) VALUES
(2,	'',	'WIldan',	10000,	0,	NULL,	'4-lbEYDOMV-TypUtm8PtDf7nILy6HCy3.png',	1,	3,	'2021-07-20 00:00:00',	NULL,	NULL,	'2021-08-29 22:50:21',	'2021-07-20 07:56:01',	6),
(3,	'',	'WIldan',	10000,	0,	NULL,	'4-lbEYDOMV-TypUtm8PtDf7nILy6HCy3.png',	1,	3,	'2021-07-20 00:00:00',	NULL,	NULL,	'2021-07-20 08:19:17',	'2021-07-20 08:19:17',	6),
(4,	'',	'WIldan',	10000,	0,	NULL,	'4-lbEYDOMV-TypUtm8PtDf7nILy6HCy3.png',	1,	3,	'2021-07-21 00:00:00',	NULL,	NULL,	'2021-07-20 23:36:28',	'2021-07-20 08:19:20',	6),
(10,	'tz2vg_9rdK24072021090408',	'nama',	100000,	0,	NULL,	'yXQIHC_Eog9SDbZfZFNmFmkf7OL29kXZ.jpg',	18,	16,	'2021-07-25 14:13:21',	NULL,	'2021-07-25 08:12:36',	'2021-07-25 00:13:21',	'2021-07-25 00:13:21',	6),
(13,	'WIw6nL1Lbt25072021081039',	'Adi',	200000,	0,	NULL,	NULL,	18,	16,	'2021-07-25 12:05:49',	NULL,	NULL,	'2021-07-24 22:05:49',	'2021-07-24 22:05:49',	6),
(14,	'czfFRomALV30072021103854',	'Iannn',	2500000,	0,	NULL,	'qAe73ffKfU__KN8hhy-KCLwvQ_GDC-3J.jpg',	26,	17,	'2021-07-30 10:41:26',	NULL,	'2021-07-30 10:40:26',	'2021-07-29 20:41:26',	'2021-07-29 20:41:26',	6),
(15,	'ivU567GOni30072021104224',	'Hamba allah',	27500000,	0,	NULL,	'_udYqta5CZxJmqGVYUGyXu7s0AVND4E9.jpg',	26,	17,	'2021-07-30 10:42:41',	NULL,	'2021-07-30 10:42:32',	'2021-07-29 20:42:41',	'2021-07-29 20:42:41',	6),
(17,	'ivU567GOni30072021104225',	'Hamba allah',	500000,	0,	NULL,	'_udYqta5CZxJmqGVYUGyXu7s0AVND4E9.jpg',	26,	19,	'2021-07-30 10:42:41',	NULL,	'2021-07-30 10:42:32',	'2021-07-29 20:42:41',	'2021-07-29 20:42:41',	6),
(18,	'ivU567GOni30072021104229',	'Hamba allah',	4500000,	0,	NULL,	'_udYqta5CZxJmqGVYUGyXu7s0AVND4E9.jpg',	26,	19,	'2021-07-30 10:42:41',	NULL,	'2021-07-30 10:42:32',	'2021-07-29 20:42:41',	'2021-07-29 20:42:41',	6),
(19,	'qYTSNzZRAm30072021121032',	'hadudu',	100000,	0,	'Tidak Ditemukan',	'pAbVOwUKT9JFgInqBgNgURWwPCqm8WRB.jpg',	30,	18,	'2021-08-01 12:36:19',	NULL,	'2021-07-30 12:11:26',	'2021-10-27 02:04:13',	'2021-10-27 02:04:13',	5),
(20,	'-exUGTPKqo02082021121323',	'Wildan',	500000000,	0,	NULL,	'PeE2uRjAbNmFPbgsaVA34M8u0tfZPneY.jpg',	49,	21,	'2021-08-02 12:14:14',	NULL,	'2021-08-02 12:13:42',	'2021-08-01 22:14:14',	'2021-08-01 22:14:14',	6),
(21,	'-exUGTPKqo02082021121324',	'Wildan',	500000000,	0,	NULL,	'PeE2uRjAbNmFPbgsaVA34M8u0tfZPneY.jpg',	49,	21,	'2021-08-02 12:14:14',	NULL,	'2021-08-02 12:13:42',	'2021-08-01 22:14:14',	'2021-08-01 22:14:14',	6),
(22,	'HbTTLJ0aAy03082021124953',	'wildan',	10000,	0,	NULL,	NULL,	51,	18,	'2021-08-03 13:10:37',	NULL,	'2021-08-03 12:56:21',	'2021-08-02 23:10:37',	'2021-08-02 23:10:37',	6),
(23,	'aDKriY7P2I03082021145105',	'nama',	499000000,	0,	'1',	'dD_5Irp5pfjD0f5VCaQiw7i32QhVD7Ez.jpg',	51,	23,	'2021-08-03 14:55:20',	NULL,	'2021-08-03 14:55:07',	'2021-08-03 00:55:20',	'2021-08-03 00:55:20',	6),
(24,	'VSk_289UTT03082021152110',	'nama',	48000000,	0,	'1',	'3QigS4zBw_lwkGfDM0u1JF9lGokB3DbG.jpg',	51,	25,	'2021-08-03 15:21:48',	NULL,	'2021-08-03 15:21:37',	'2021-08-03 01:21:48',	'2021-08-03 01:21:48',	6),
(25,	'NnXZo1FNZW07082021165630',	'Hamba Allah',	2000000,	0,	NULL,	NULL,	49,	25,	'2021-08-07 16:57:35',	NULL,	'2021-08-07 16:56:34',	'2021-08-07 02:57:35',	'2021-08-07 02:57:35',	6),
(26,	'WmygM7Y_9p23082021171928',	'Hamba Allah',	50000000,	0,	NULL,	NULL,	49,	26,	'2021-08-23 17:19:53',	NULL,	'2021-08-23 17:19:36',	'2021-08-23 03:19:53',	'2021-08-23 03:19:53',	6),
(27,	'vEkhFdKduO17092021171251',	'Hamba allah',	1000000,	0,	NULL,	'XNsT2JNyqZbZjmuXx_hK_FbhC0p3shWc.jpg',	49,	27,	'2021-10-01 17:13:22',	NULL,	'2021-09-17 17:13:09',	'2021-10-02 15:55:09',	'2021-09-17 03:13:22',	6),
(28,	'8nCKwg4Yvv30092021110918',	'Hamba',	500000,	0,	NULL,	'PI_BTkj_LGFixoE6Rb1W_wLy_XhkiO1m.jpg',	49,	28,	'2021-10-02 11:09:41',	NULL,	'2021-09-30 11:09:31',	'2021-10-02 15:54:56',	'2021-09-29 21:09:41',	6),
(29,	'j3GPVeT-nB04102021064138',	'Wildan',	50000,	0,	NULL,	'ViOJ1LX9ntDxGRGvSoWadS1khq0BABek.jpg',	49,	29,	'2021-10-04 06:42:17',	NULL,	'2021-10-04 06:42:08',	'2021-10-03 16:42:17',	'2021-10-03 16:42:17',	6),
(30,	'RZL58pwWbD04102021073558',	'Hamba Allah',	5000000,	0,	NULL,	'CeM7ru67e55krwUHFMhHx-gTRlBHpBVf.jpg',	49,	30,	'2021-10-04 07:36:38',	NULL,	'2021-10-04 07:36:12',	'2021-10-03 17:36:38',	'2021-10-03 17:36:38',	6),
(31,	'33VLGF0otq05102021104801',	'Anonymous',	100000,	0,	NULL,	'yHip46b9R09bZRBTOjESD3q-ZWylst6d.jpg',	30,	35,	'2021-10-08 21:24:39',	NULL,	'2021-10-05 10:48:18',	'2021-10-08 07:24:39',	'2021-10-08 07:24:39',	6),
(32,	'ZB8BTS79iC14102021152631',	'Wildann',	50000,	0,	NULL,	NULL,	49,	35,	'2021-10-16 08:21:21',	NULL,	'2021-10-14 15:26:34',	'2021-10-15 18:21:21',	'2021-10-15 18:21:21',	6),
(33,	'kKbVAcp09b14102021230614',	'Ian',	50000,	0,	NULL,	NULL,	30,	37,	NULL,	NULL,	NULL,	'2021-10-14 09:06:14',	'2021-10-14 09:06:14',	5),
(34,	'p0NCc7aFJv18102021200920',	'Fachru',	50000,	0,	NULL,	'lqvuoc9jO1MT22IaRh90DDy0SIF57NFy.jpg',	49,	37,	'2021-10-18 20:10:05',	NULL,	'2021-10-18 20:09:40',	'2021-10-18 06:10:05',	'2021-10-18 06:10:05',	6),
(35,	'wEfs_ECIc-18102021203345',	'Wildan',	4500000,	0,	NULL,	'7SLPqRrvoAHAX_wGEEIvwzYiJbEhrIsm.jpg',	49,	37,	'2021-10-18 20:34:06',	NULL,	'2021-10-18 20:33:56',	'2021-10-18 06:34:06',	'2021-10-18 06:34:06',	6),
(36,	'XYKjGB9x0r20102021152446',	'testing wakaf',	2000000,	4,	NULL,	NULL,	17,	46,	'2021-10-20 15:32:54',	NULL,	'2021-10-20 15:32:13',	'2021-10-20 01:32:54',	'2021-10-20 01:32:54',	6),
(37,	'x1WDaixxCz20102021153049',	'testing wakaf',	2000000,	4,	NULL,	NULL,	17,	46,	'2021-11-06 15:32:32',	NULL,	'2021-11-06 15:32:18',	'2021-11-09 08:55:52',	'2021-10-20 01:32:32',	6),
(38,	'1859920705',	'testing wakaf',	2000000,	4,	NULL,	NULL,	17,	46,	NULL,	NULL,	NULL,	'2021-10-20 22:55:33',	'2021-10-20 22:55:33',	5),
(39,	'500447934',	'testing wakaf',	2000000,	4,	NULL,	NULL,	17,	46,	NULL,	NULL,	NULL,	'2021-10-20 22:57:12',	'2021-10-20 22:57:12',	5),
(40,	'817218088',	'testing wakaf',	2000000,	4,	NULL,	NULL,	17,	46,	NULL,	NULL,	NULL,	'2021-10-20 23:01:57',	'2021-10-20 23:01:57',	5),
(41,	'1421476130',	'testing wakaf',	2000000,	4,	NULL,	NULL,	17,	46,	NULL,	NULL,	NULL,	'2021-10-20 23:06:24',	'2021-10-20 23:06:24',	5),
(42,	'1424209123',	'testing wakaf',	2000000,	4,	NULL,	NULL,	17,	46,	NULL,	NULL,	NULL,	'2021-10-21 00:05:35',	'2021-10-21 00:05:35',	5),
(43,	'1300891131',	'testing wakaf',	2000000,	4,	'',	NULL,	17,	46,	NULL,	NULL,	NULL,	'2021-10-21 19:47:46',	'2021-10-21 19:47:46',	5),
(44,	'1344259958',	'testing wakaf',	2000000,	4,	'indomaret',	NULL,	17,	46,	NULL,	NULL,	NULL,	'2021-10-22 21:52:58',	'2021-10-22 21:52:58',	8),
(45,	'2010488520',	'testing wakaf',	2000000,	4,	'Tidak Ditemukan',	NULL,	17,	46,	NULL,	NULL,	NULL,	'2021-10-27 01:57:34',	'2021-10-27 01:57:34',	5),
(46,	'1635650623',	'50000',	500000,	1,	'Tidak Ditemukan',	NULL,	30,	46,	NULL,	NULL,	NULL,	'2021-10-25 23:59:28',	'2021-10-25 23:59:28',	5),
(47,	'632770213',	'testing wakaf',	2000000,	4,	'Tidak Ditemukan',	NULL,	17,	46,	NULL,	NULL,	NULL,	'2021-10-27 02:01:06',	'2021-10-27 02:01:06',	5),
(48,	'531374944',	'testing wakaf',	2000000,	4,	'',	NULL,	17,	46,	NULL,	NULL,	NULL,	'2021-10-26 08:28:39',	'2021-10-26 08:28:39',	5),
(49,	'1274387168',	'Fahru',	1000000,	2,	'Tidak Ditemukan',	NULL,	30,	46,	NULL,	NULL,	NULL,	'2021-10-27 01:50:34',	'2021-10-27 01:50:34',	5),
(50,	'566614651',	'user',	1000000,	2,	'Tidak Ditemukan',	NULL,	30,	46,	NULL,	NULL,	NULL,	'2021-10-27 01:51:41',	'2021-10-27 01:51:41',	5),
(51,	'1447399345',	'User',	1000000,	2,	'Tidak Ditemukan',	NULL,	30,	46,	NULL,	NULL,	NULL,	'2021-10-27 02:26:27',	'2021-10-27 02:26:27',	5),
(52,	'832455645',	'user',	1000000,	2,	'',	NULL,	30,	46,	NULL,	'Midtrans API is returning API error. HTTP status code: 401 API response: {\"error_messages\":[\"Access denied due to unauthorized transaction, please check client or server key\",\"Visit https://snap-docs.midtrans.com/#request-headers for more details\"]}',	NULL,	'2021-10-27 02:34:18',	'2021-10-27 02:34:18',	5),
(53,	'1749937630',	'testing wakaf',	2000000,	4,	'Tidak Ditemukan',	NULL,	30,	46,	NULL,	'79234648-76c8-44e6-a6e4-7851d60a348b',	NULL,	'2021-10-27 03:20:55',	'2021-10-27 03:20:55',	5),
(54,	'1233800845',	'user',	1000000,	2,	'indomaret',	NULL,	30,	46,	NULL,	'9f6382fd-388b-4548-b114-b02b2faf11d3',	NULL,	'2021-10-27 02:40:17',	'2021-10-27 02:40:17',	5),
(55,	'726754444',	'Wil',	500000,	1,	'',	NULL,	49,	46,	NULL,	'2cc6ae5d-1bea-44fd-a48b-4bfaf9327e4a',	NULL,	'2021-11-04 01:13:37',	'2021-11-04 01:13:37',	5),
(56,	'2186694',	'W',	200000,	0,	'',	NULL,	49,	46,	NULL,	'9e05d226-9d5a-4e31-b62a-01906833820b',	NULL,	'2021-11-04 01:15:00',	'2021-11-04 01:15:00',	5),
(57,	'10784543',	'W',	200000,	0,	'',	NULL,	49,	46,	NULL,	'083d5448-4613-42ce-a0b1-f7fd153976c3',	NULL,	'2021-11-04 01:15:23',	'2021-11-04 01:15:23',	5),
(58,	'1599449833',	'Hamba Allah',	1,	0,	'',	NULL,	49,	46,	NULL,	'3ac1ea94-3250-44cd-a308-53b8b86178e8',	NULL,	'2021-11-04 01:19:12',	'2021-11-04 01:19:12',	5),
(59,	'1859997575',	'Hamba Allah',	1,	0,	'',	NULL,	49,	46,	NULL,	'69485485-8f3d-4bfd-83ac-b169872fda13',	NULL,	'2021-11-04 01:19:58',	'2021-11-04 01:19:58',	5);

DROP TABLE IF EXISTS `pencairan`;
CREATE TABLE `pencairan` (
  `id` int(11) NOT NULL AUTO_INCREMENT,
  `pendanaan_id` int(11) NOT NULL,
  `nominal` int(11) NOT NULL,
  `tanggal` date NOT NULL,
  `created_at` timestamp NULL DEFAULT NULL ON UPDATE CURRENT_TIMESTAMP,
  PRIMARY KEY (`id`),
  KEY `pendanaan_id` (`pendanaan_id`),
  CONSTRAINT `pencairan_ibfk_1` FOREIGN KEY (`pendanaan_id`) REFERENCES `pendanaan` (`id`)
) ENGINE=InnoDB DEFAULT CHARSET=utf8mb4;

INSERT INTO `pencairan` (`id`, `pendanaan_id`, `nominal`, `tanggal`, `created_at`) VALUES
(1,	3,	9000,	'2021-07-20',	'2021-07-20 09:22:52'),
(2,	3,	1000,	'2021-07-09',	'2021-07-20 10:26:59'),
(3,	16,	300000,	'2021-07-26',	'2021-07-25 20:35:36'),
(4,	16,	300000,	'2021-07-26',	'2021-07-25 20:36:26'),
(8,	16,	300000,	'2021-07-26',	'2021-07-25 23:17:35'),
(9,	16,	1000,	'2021-07-27',	'2021-07-26 19:39:05'),
(10,	16,	1000,	'2021-07-27',	'2021-07-26 19:42:05'),
(11,	16,	1000,	'2021-07-27',	'2021-07-26 19:43:04'),
(12,	16,	1000,	'2021-07-27',	'2021-07-26 19:45:24'),
(13,	16,	1000,	'2021-07-27',	'2021-07-26 19:51:13'),
(14,	16,	1000,	'2021-07-27',	'2021-07-26 19:51:44'),
(17,	19,	5000000,	'2021-07-30',	'2021-07-29 21:29:48'),
(18,	21,	1000000000,	'2021-08-02',	'2021-08-01 22:26:02'),
(19,	23,	499000000,	'2021-08-03',	'2021-08-03 01:06:52'),
(20,	18,	110000,	'2021-08-03',	'2021-08-03 01:20:46'),
(22,	17,	1000,	'2021-08-05',	'2021-08-04 23:03:36'),
(23,	17,	1000,	'2021-08-05',	'2021-08-04 23:05:00'),
(24,	17,	1000,	'2021-08-05',	'2021-08-04 23:10:57'),
(25,	17,	1000,	'2021-08-05',	'2021-08-04 23:13:10'),
(26,	17,	1000,	'2021-08-05',	'2021-08-04 23:15:41'),
(27,	17,	1000,	'2021-08-05',	'2021-08-04 23:16:03'),
(28,	17,	1000,	'2021-08-05',	'2021-08-04 23:19:10'),
(29,	17,	1000,	'2021-08-05',	'2021-08-04 23:22:41'),
(30,	17,	1000,	'2021-08-05',	'2021-08-04 23:25:24'),
(31,	17,	1000,	'2021-08-05',	'2021-08-04 23:28:29'),
(32,	17,	1000,	'2021-08-05',	'2021-08-04 23:29:26'),
(33,	26,	50000000,	'2021-08-23',	'2021-08-23 03:21:06'),
(34,	26,	1000,	'2021-08-23',	'2021-08-23 03:26:38'),
(35,	26,	1000,	'2021-08-23',	'2021-08-23 03:36:09'),
(36,	26,	50000000,	'2021-08-23',	'2021-08-23 03:37:01'),
(37,	27,	500000,	'2021-09-19',	'2021-09-18 21:04:51'),
(38,	28,	500000,	'2021-09-30',	'2021-09-29 21:10:31'),
(39,	22,	50000,	'2021-09-30',	'2021-09-30 00:56:41'),
(40,	29,	50000,	'2021-10-04',	'2021-10-03 16:43:40'),
(41,	30,	5000000,	'2021-10-04',	'2021-10-03 17:39:08'),
(42,	30,	5000000,	'2021-10-04',	'2021-10-03 17:45:09');

DROP TABLE IF EXISTS `pendanaan`;
CREATE TABLE `pendanaan` (
  `id` int(11) NOT NULL AUTO_INCREMENT,
  `nama_pendanaan` varchar(255) DEFAULT NULL,
  `foto` varchar(255) DEFAULT NULL,
  `uraian` text,
  `nominal` varchar(255) DEFAULT NULL,
  `pendanaan_berakhir` datetime DEFAULT NULL,
  `user_id` int(11) NOT NULL,
  `bank_id` int(11) DEFAULT NULL,
  `nomor_rekening` int(16) DEFAULT NULL,
  `nama_nasabah` varchar(255) DEFAULT NULL,
  `nama_perusahaan` varchar(255) DEFAULT NULL,
  `deskripsi` text,
  `foto_ktp` varchar(255) DEFAULT NULL,
  `foto_kk` varchar(255) DEFAULT NULL,
  `file_uraian` varchar(255) DEFAULT NULL,
  `poster` varchar(255) DEFAULT NULL,
  `status_lembaran` tinyint(4) NOT NULL DEFAULT '0',
  `nominal_lembaran` varchar(255) NOT NULL DEFAULT '0',
  `jumlah_lembaran` int(11) DEFAULT NULL,
  `kategori_pendanaan_id` int(11) NOT NULL,
  `status_id` int(11) NOT NULL,
  PRIMARY KEY (`id`),
  KEY `fk-pendanaan-user` (`user_id`),
  KEY `fk-pendanaan-ketegori-pendanaan` (`kategori_pendanaan_id`),
  KEY `fk-status-pendanaan` (`status_id`),
  KEY `bank_id` (`bank_id`),
  CONSTRAINT `fk-pendanaan-ketegori-pendanaan` FOREIGN KEY (`kategori_pendanaan_id`) REFERENCES `kategori_pendanaan` (`id`) ON DELETE CASCADE ON UPDATE CASCADE,
  CONSTRAINT `fk-pendanaan-user` FOREIGN KEY (`user_id`) REFERENCES `user` (`id`) ON DELETE CASCADE ON UPDATE CASCADE,
  CONSTRAINT `fk-status-pendanaan` FOREIGN KEY (`status_id`) REFERENCES `status` (`id`) ON DELETE CASCADE ON UPDATE CASCADE,
  CONSTRAINT `pendanaan_ibfk_1` FOREIGN KEY (`bank_id`) REFERENCES `bank` (`id`)
) ENGINE=InnoDB DEFAULT CHARSET=utf8mb4;

INSERT INTO `pendanaan` (`id`, `nama_pendanaan`, `foto`, `uraian`, `nominal`, `pendanaan_berakhir`, `user_id`, `bank_id`, `nomor_rekening`, `nama_nasabah`, `nama_perusahaan`, `deskripsi`, `foto_ktp`, `foto_kk`, `file_uraian`, `poster`, `status_lembaran`, `nominal_lembaran`, `jumlah_lembaran`, `kategori_pendanaan_id`, `status_id`) VALUES
(2,	'Pendanaan 1',	NULL,	'Tes Uraian',	'80000',	'2021-12-20 11:44:20',	1,	NULL,	NULL,	NULL,	NULL,	NULL,	NULL,	NULL,	NULL,	NULL,	0,	'0',	NULL,	1,	7),
(3,	'Pendanaan 12',	NULL,	'Tes Uraian',	'80000',	'2021-12-20 11:44:20',	1,	NULL,	NULL,	NULL,	NULL,	NULL,	NULL,	NULL,	NULL,	NULL,	0,	'0',	NULL,	1,	3),
(16,	'Sumbangan Diri',	'pendanaan/20210722_1574bddb75c78a6fd2251d61e2993b5146201319.jpg',	'',	'10000000',	'2021-12-20 11:44:20',	17,	1,	123456789,	'Ian',	'Pribadi',	'Mmisquen',	'pendanaan/20210722_e0dadb2ff54f4f7476f0c3ca3e904b778384e4ca.jpg',	'pendanaan/20210722_1e587263e3e1bf03411c4415cc1743a8aba34915.jpg',	NULL,	NULL,	0,	'0',	NULL,	2,	3),
(17,	'Pendanaan Wakaf',	'pendanaan/20210730_277aac589bd8f21291ee41fef067154ce3f420c2.jpg',	'',	'30000000',	'2021-12-20 11:44:20',	27,	1,	25879645,	'Wildan',	'Pt.Sejahtera',	'Untuk Membangun Masjid',	'pendanaan/foto_ktp/20210730_1b5ee1d2a2b9255241a8d9f103c453640d7bc477.jpg',	'pendanaan/foto_kk/20210730_d6e3f9fa0dd927735f5172aee29b47744199392d.jpg',	NULL,	NULL,	0,	'0',	NULL,	3,	3),
(18,	'Sumbangan Fahru',	'pendanaan/20210730_9570d35d9b1f48a5895e9eb1945cab02ba8dfbb9.jpg',	'',	'100000',	'2021-12-20 11:44:20',	17,	1,	123321123,	'Fahru HHIHI',	'Fakru Net',	'Fahru terkena korona',	'pendanaan/foto_ktp/20210730_b5cafc095c1a6b4b7203d17ba0ebb57c8d60a22b.jpg',	'pendanaan/foto_kk/20210730_7072c31ed58b3a21bbf880c206802aa5221eecfb.jpg',	NULL,	NULL,	0,	'0',	NULL,	2,	3),
(19,	' wakaf jalan Diponegoro',	'pendanaan/20210730_4a17f351254bf902c2874e4e140215005a9e06a8.jpg',	'',	'5000000',	'2021-12-20 11:44:20',	27,	2,	12345644,	'Wildan',	'Pt. sejahtera primadona',	'-',	'pendanaan/foto_ktp/20210730_bba454b01cee381c614fac7b6e001d9a0a6c36de.jpg',	'pendanaan/foto_kk/20210730_b8673dc64f756d44861d946431f7d1c3f455e5b6.jpg',	NULL,	NULL,	0,	'0',	NULL,	1,	3),
(20,	'Pendanaan Sehat',	'pendanaan/20210730_1f29b440d44e5201a52f561f6a193ddffc718b41.jpg',	'',	'3000000',	'2021-12-20 11:44:20',	27,	2,	1234567892,	'Ian',	'Pt. ianK',	'-',	NULL,	NULL,	NULL,	NULL,	0,	'0',	NULL,	4,	9),
(21,	'Pembangunan Masjid dan Mushola di jalan Merauke',	'pendanaan/20210802_6a49e342fceb744168ee5c0cddacd48731cac311.jpg',	'',	'1000000000',	'2021-12-20 11:44:20',	48,	2,	2587954,	'Yasir',	'Yasir.Com',	'Untuk membangun masjid dan mushola di jalan Merauke',	'pendanaan/foto_ktp/20210802_2f6fade41903d4eb1d2b6fabc8bbef497003fda8.jpg',	'pendanaan/foto_kk/20210802_001384aca695f54a8dca50aee28d7fa64630a86d.jpg',	NULL,	NULL,	0,	'0',	NULL,	3,	3),
(22,	'Pendanaan untuk Membangun Masjid',	'XSGaOQQXLoCbBTYy3MtHn5VMhR6QE6GD.jpg',	'Masjid (bentuk tidak baku: mesjid) adalah rumah tempat ibadah umat Islam atau Muslim. Masjid artinya tempat sujud, sebutan lain yang berkaitan dengan masjid di Indonesia adalah musala, langgar atau surau. Istilah tersebut diperuntukkan bagi bangunan menyerupai masjid yang tidak digunakan untuk salat Jumat, iktikaf, dan umumnya berukuran kecil.',	'50000000',	'2021-12-20 11:44:20',	1,	NULL,	NULL,	NULL,	NULL,	NULL,	'xfyjTk888UI5BdLKkx3ioOOc7-AKqe3v.jpg',	'vDl_VQdm6c1XUHhMVfCIQkIoCvSNKy7K.jpg',	NULL,	NULL,	0,	'0',	NULL,	3,	3),
(23,	'Pendanaan untuk Korban Bencana Banjir',	'pendanaan/20210803_34d293d054e9352f321eee9ae3e52d6e47f91d03.jpg',	'',	'500000000',	'2021-12-20 11:44:20',	52,	2,	1219949423,	'Rudi',	'Rudi Group',	'Satu warga Desa Nualima, Kecamatan Lio Timur, Kabupaten Ende, Provinsi Nusa Tenggara Timur meninggal dunia akibat terseret arus banjir. Peristiwa yang dipicu hujan dengan intensitas tinggi terjadi pada Minggu 1 Agustus 2021 pukul 03.00 Wita.\n\nBadan Penanggulangan Bencana Daerah (BPBD) Kabupaten Ende melaporkan pihaknya berada di lokasi dan melakukan upaya evakuasi warga yang terdampak banjir pada hari ini, Selasa (3/8/2021). Hal tersebut disampaikan Kepala Bidang Darurat dan Logistik BPBD Kabupaten Ende Yulianus A. Laga Pasa melalui pesan digital.\nSaat ini, kami sedang menuju lokasi kejadian untuk meninjau langsung dan melakukan upaya evakuasi korban, ujar Yulianus saat dikonfirmasi pada Selasa pagi.',	'pendanaan/foto_ktp/20210803_cfbcae00c5dc813174c7be395326b89d288e8188.jpg',	'pendanaan/foto_kk/20210803_8fe39caeac3a30f1f5d796c87c71d3a53d8e8bce.jpg',	NULL,	NULL,	0,	'0',	NULL,	4,	3),
(25,	'tes dana',	'pendanaan/20210803_e2d07b1d6cd4179ae1c3846696a16cd8bdc955cf.jpg',	'',	'50000000',	'2021-12-20 11:44:20',	53,	3,	433748,	'anma',	'perusahaan',	'desc',	'pendanaan/foto_ktp/20210803_c6944467da0c65a08c39bb5a0314cc143936eaa3.jpg',	'pendanaan/foto_kk/20210803_eb893c0ea7907618ccb316fd2e7aa6b10ff1ab6e.jpg',	NULL,	NULL,	0,	'0',	NULL,	2,	4),
(26,	'Bantuan untuk Warga Kurang Mampu di Desa SukaMaju',	'pendanaan/20210823_c8589da1ade1fe6e8cdacdc62259231e59a8d3f0.jpg',	'',	'50000000',	'2021-12-20 11:44:20',	54,	2,	21330001,	'Budi Setiawan',	'PT. Makmur Jaya',	'Sejumlah warga kurang mampu yang berada di lingkungan Kantor Pelayanan Pajak (KPP) Pratama Meulaboh, Aceh Barat, Rabu (29/4/2020) mendapatkan bantuan sosial berupa paket sembako dari kantor setempat.\n\nBantuan tersebut diberikan kepada warga kurang mampu yang terdampak Corona Virus Disease (Covid-19).\n\nSehingga dengan adanya bantuan tersebut, diharapkan dapat sedikit meringankan beban para kepala keluarga di tengah menghadapi pandemi Covid-19.',	'pendanaan/foto_ktp/20210823_b6f0ee6d5c24f32f0ee13d2e8052ea08b3dbc664.jpg',	'pendanaan/foto_kk/20210823_0fb914ab018d3fbf1e69f5bcd0caa0559f47fe0c.jpg',	NULL,	NULL,	0,	'0',	NULL,	2,	3),
(27,	'Pendanaan Percobaan',	'pendanaan/20210917_6bdb77e87e9f0a2855079cd97d6555d6d2bdd6a5.jpg',	'',	'500000',	'2021-12-20 11:44:20',	17,	1,	123123123,	'Hardiansah',	'Wakaf bersama',	'Deskripsi wakaf',	'pendanaan/foto_ktp/20210917_2a8428f5a79b09aadff75a745397cf6d2f59d51e.jpg',	'pendanaan/foto_kk/20210917_fab19abfc186474354d059987002dfd06da3ddce.jpg',	NULL,	NULL,	0,	'0',	NULL,	3,	3),
(28,	'Pendanaan Membangun Masjid',	'nbPkNs0R4oE8qqNJkwQPt4FirTLt9oW9.jpg',	'',	'500000',	'2021-12-20 11:44:20',	17,	1,	1234568,	'Ian',	'Ianknco',	'Untuk masjid',	'pendanaan/foto_ktp/20210919_013e8477c07fa07eaa1f44db057a46374a1579aa.jpg',	'',	'KRy03mmotGAvHU1zChZHyhE0z_ygvm2Q.pdf',	'nho0w869_CvSF1ulqJmXIsaZlyOlj7uJ.png',	0,	'0',	NULL,	3,	3),
(29,	'Testing pendanaan',	'pendanaan/20211004_2da8b9c5d8bb6a10b1d2fce6b1c5e4ee3cce5561.jpg',	'',	'50000',	'2021-12-20 11:44:20',	17,	1,	1234567811,	'Iankco',	'Perusahaan',	'Tidak ada deskripsi',	'pendanaan/foto_ktp/20211004_a69ae58c3bbe70e39be1c3a768fdbc8a99bbec6b.jpg',	'pendanaan/foto_kk/20211004_8e3d85dccb3590a3a24194d0736e4054d699460f.jpg',	NULL,	NULL,	0,	'0',	NULL,	1,	3),
(30,	'Pendanaan Untuk Masjid',	'pendanaan/20211004_9775922ebd396a153af934a9557f65c74dd8fefe.jpg',	'',	'5000000',	'2021-12-20 11:44:20',	17,	2,	55555548,	'Iankco',	'Pt Iankco',	'Untuk Membangun Masjid di jalan Hasanudin',	'pendanaan/foto_ktp/20211004_a71fd980e13584400889e7a87eb850d9f6684fcc.jpg',	'pendanaan/foto_kk/20211004_d566dce13cebefa2c17e16faf2d602be94b4e50d.jpg',	NULL,	NULL,	0,	'0',	NULL,	3,	3),
(31,	'Fahru Nyumbang',	'pendanaan/20211004_24cd63144a915209ec5d4f0270802326e3212121.png',	'',	'500000',	'2021-12-20 11:44:20',	17,	1,	12331233,	'FahruCk',	'',	'Fahru Misquen',	'pendanaan/foto_ktp/20211004_39588ffe5f5b48e4a673ab2b19f166f480cc7ec8.png',	'pendanaan/foto_kk/20211004_810bd2adca8109e71a0fa4995bb7a965fd8d905a.png',	NULL,	NULL,	0,	'0',	NULL,	2,	2),
(32,	'Fahru Brokohan',	'pendanaan/20211004_643fd520debff9520d6b712f7e0c516bf223b2b8.png',	'',	'300000',	'2021-12-20 11:44:20',	17,	1,	123123124,	'FahruJr',	'Fahru Company',	'Fahru aqiqoq',	'pendanaan/foto_ktp/20211004_f08bb56bf956aacef5f703a8e88c1a3953e2156a.png',	'pendanaan/foto_kk/20211004_9418174fe27bf6bb503482a67e07c3c9e90eb4cc.png',	NULL,	NULL,	0,	'0',	NULL,	2,	1),
(33,	'Fahru Brokohan 2',	'pendanaan/20211004_f6719e2a86ed4aadf4866b46efb1465a4ed00ee8.png',	'',	'500000',	'2021-12-20 11:44:20',	17,	1,	1212121212,	'Fahru CJ',	'Fahru Company',	'Brokohan Aqiqoq',	'pendanaan/foto_ktp/20211004_0aa9161521f63fce92adf77eb6ad19b9395614d2.png',	'pendanaan/foto_kk/20211004_b01f67adb17354737d273b0cae8d36366b08af91.png',	NULL,	NULL,	0,	'0',	NULL,	2,	1),
(34,	'AAAA',	'pendanaan/20211004_27e8569fb20a459ab355c4b444fe016763252292.png',	'',	'100000',	'2021-12-20 11:44:20',	17,	1,	567567567,	'AAAA',	'AAA Cr',	'Sedekah',	'pendanaan/foto_ktp/20211004_d08b8145c93790c6d031acc2ab97a8b5fb282e29.png',	'pendanaan/foto_kk/20211004_1b9a8d9a391b7805aeb2e169b2be30a593980a2e.png',	'uraian//20211004_957c5022a60487d7da678e0d8e22b9965af52f52.png',	'poster//20211004_da0eab23154f88e3e09ef4a4e261b674fe4dd7e6.png',	0,	'0',	NULL,	2,	1),
(35,	'Pendanaan Masjid',	'pendanaan/20211004_278bdab57253765b3ab458a7d9295abf2f42ffb6.png',	'',	'500000',	'2021-12-20 11:44:20',	17,	1,	567567560,	'gtgtgt',	'popopo',	'axaxx',	'pendanaan/foto_ktp/20211005_f1e75747bc4c6d0b16f0d429b76d23f1c06153a9.jpg',	'pendanaan/foto_kk/20211005_9668f62ee5e05aebd867bf8c84eef5c9d9e1c4da.jpg',	'uraian/rL27I7W5hrPUl9FujYY90KUGKNo_TT9P.pdf',	'poster//20211005_d6f328547216cb51cdde455bc79628c1bf200d0c.jpg',	0,	'0',	NULL,	2,	2),
(36,	'Sumbangan Sukarela',	'pendanaan/20211005_6db23d1edc3c63a96f39746b8b57a9b8dfd3ceb2.jpg',	'',	'1000000',	'2021-12-20 11:44:20',	17,	1,	123698745,	'Fahru',	'Fahru Company',	'Sumbangan bencana sukarela',	'pendanaan/foto_ktp/20211005_27415f8adc9d2413fcb928c3d52e1bde5e2fdb31.jpg',	'pendanaan/foto_kk/20211005_d990b2a3ff09b474cc2076fa88ef2e5412399a25.jpg',	'uraian//20211005_3dac77529dc5aa743126d060827b63555522f852.jpg',	'poster//20211005_d19de1701bdaeb97fc5be89f166b5a0192d34254.jpg',	0,	'0',	NULL,	2,	1),
(37,	'Pembangunan Masjid',	'aBmvBQohoxQDF5j_1IbUhLUSPflq3Gta.jpg',	'Pembangunan Masjid di malang',	'500000000',	'2021-12-20 11:44:20',	17,	1,	12345,	'fahru',	'fahru',	'sumbangan',	'3sttgIh3D5GnIR_4pD39wXzGBLbayGvc.jpg',	'ztMrmOnBw3K8pFzp7IUvyxdrnFQVLzBt.jpg',	'uraian/a4qHT9pHcMMqNbDS4YAUVyJtN-6vCfg5.pdf',	'poster/tRE6tgcaCGnC_--dhyxd08cp6K9l7Zte.jpeg',	0,	'0',	NULL,	3,	2),
(38,	'testing pendanaan',	'pendanaan/eyaCl-3FruwfkGwNYpuKus1FeDu1zaX1.jpg',	'-',	'1000',	'2021-12-20 11:44:20',	1,	NULL,	NULL,	NULL,	NULL,	NULL,	'pendanaan/foto_ktp/lXrq6fPMabiBxV13tUV1x5iwE3I4w7X8.jpg',	'pendanaan/foto_kk/XL_YfQdCuvQDt0e5JuWWIupt1-3kgTrG.jpg',	'uraian/RVs9tHtVziiJr6bF9ylkqdxxssfD7IBP.pdf',	'poster/eJi4I3lZswyJD88AhPwkp0CW1Edby8Jg.jpeg',	0,	'0',	NULL,	1,	1),
(39,	'testing',	'pendanaan/_KLd7B2qOPV_stkH3i6ZcovZ4xsE-H9Y.jpg',	'-',	'10000',	'2021-12-20 11:44:20',	1,	NULL,	NULL,	NULL,	NULL,	NULL,	'pendanaan/foto_ktp/1NTIcK02iuathMzGfrZOWWYtZ4OiEkiv.jpg',	'pendanaan/foto_kk/NpO1YdmOslPR8MaJTQGPOAVYbFY3Ox4L.jpg',	'uraian/4CdgcTfwWuHMQGecYp_IZJJRsgLk7tru.pdf',	'poster/25K3A0S9t7YyVVfh6iwMPBm8dXzMj78I.jpeg',	0,	'0',	NULL,	1,	1),
(40,	'test',	'pendanaan/ZzZPDWHu7q0VAsUTM3El0uRcafkG3WER.jpg',	'-',	'50000',	'2021-12-20 11:44:20',	1,	NULL,	NULL,	NULL,	NULL,	NULL,	'pendanaan/foto_ktp/q1wXLOfunBudwbkA9AggunyTzYKLH_S0.jpg',	'',	'uraian/3bDaLQQc0-SEUwPgNuemQu3YFK_IWR9R.pdf',	'poster/ldj4yEoTV9Qdtcy2hgQpzI2HpcygYx-Y.jpeg',	0,	'0',	NULL,	3,	1),
(41,	'Pembangunan Masjid',	'pendanaan/yYsQs4AyThtGLncbY0ODLa5JE-BpRv3t.jpg',	'Pembangunan Masjid di area sawo jajar',	'50000000',	'2021-12-20 11:44:20',	1,	NULL,	NULL,	NULL,	NULL,	NULL,	'pendanaan/foto_ktp/KCZUmaAa3Gt4f-lBgZDR4pfYA0zuvrJb.jpg',	'',	'uraian/R6e4NNysyEYImrPNqNLW0nZjyPN4gwWT.pdf',	'poster/8jqjHir4T58dJC11qvTbpPL8-R1kClCv.jpeg',	0,	'0',	NULL,	3,	4),
(43,	'Pendanaan Masjid Putih',	'pendanaan/gk6Lwj6Ga7Ugkd4KQ_Aei0o9Adt4vfmz.jpg',	'uraian',	'5000000',	'2021-12-20 11:44:20',	1,	1,	123456,	'Baddy',	'Pt.baddy',	'deskripsi',	'pendanaan/foto_ktp/uzh1zIzEyisuvEKjYy-hewoOSOPzDhG7.jpg',	'pendanaan/foto_kk/Vdc0Q_LgdYUVSeQHdFzg9eQ9N_zCVSku.jpg',	'uraian/m20OGIGZd5URYG-XkRmrWEWGLy1Hk1_w.pdf',	'poster/f8peGNiX--4wnkVgxJtjwI4eBhU2GzQm.jpg',	0,	'0',	NULL,	3,	1),
(44,	'pendanaan test',	'pendanaan/dog3nxSgcIMF-ANjdk2rSLl9FSUnkxB7.jpg',	'-',	'12312',	'2021-12-20 11:44:20',	1,	1,	12345,	'nasabah',	'perusahaan',	'-',	'pendanaan/foto_ktp/NXirTKxF3z9gD-cTUriXP25hPD84HKv2.jpg',	'pendanaan/foto_kk/hsqrWntlcGIbIeHIwgDaLzsTVYVFr8l-.jpg',	'uraian/cl38UCYvMeISYwrPzTc7ycCazho3qJcX.pdf',	'poster/1-XJPnQflt858ZP83pjYw9TejzGRqMEE.jpg',	0,	'0',	NULL,	2,	1),
(45,	'tes dana',	'pendanaan/20211014_bcdc09911adf931ceb3cb9d8ae39816b4465e2ff.jpg',	'',	'9000000',	'2021-12-20 11:44:20',	17,	1,	85858585,	'fahru',	'tes company',	'wakaf sedekahkan',	NULL,	NULL,	NULL,	NULL,	0,	'0',	NULL,	2,	9),
(46,	'Testing Pendanaan',	'pendanaan/Mb3hVxurzwdEUB9cz_jFkCWv0QgNPAhf.jpg',	'Testing Uraian',	'5000000',	'2021-10-20 07:25:39',	1,	1,	123456,	'Testing nasabah',	'Testing perusahaan',	'Testing Deskripsi',	'pendanaan/foto_ktp/gpSgIVqEhW7Cg_w4hP5YLFbXNFEaoZVb.jpg',	'pendanaan/foto_kk/oErSjsIfnzOeZBdxkiYO-LVmNkHpM4Nz.jpg',	'uraian/bQfwzturonXsSy496ZeLep9ZTAgOEjGl.pdf',	'poster/IrrkZrQheFnLfzkLUJHl2RgQwi7JU94U.jpeg',	1,	'500000',	10,	3,	2);

DROP TABLE IF EXISTS `role`;
CREATE TABLE `role` (
  `id` int(11) NOT NULL AUTO_INCREMENT,
  `name` varchar(50) NOT NULL,
  PRIMARY KEY (`id`)
) ENGINE=InnoDB DEFAULT CHARSET=latin1;

INSERT INTO `role` (`id`, `name`) VALUES
(1,	'Super Administrator'),
(2,	'Marketing'),
(3,	'Regular User'),
(4,	'Pengaju Wakaf'),
(5,	'Pewakaf');

DROP TABLE IF EXISTS `role_action`;
CREATE TABLE `role_action` (
  `id` int(11) NOT NULL AUTO_INCREMENT,
  `role_id` int(11) NOT NULL,
  `action_id` int(11) NOT NULL,
  PRIMARY KEY (`id`),
  KEY `role_id` (`role_id`),
  KEY `action_id` (`action_id`),
  CONSTRAINT `role_action_ibfk_1` FOREIGN KEY (`role_id`) REFERENCES `role` (`id`),
  CONSTRAINT `role_action_ibfk_2` FOREIGN KEY (`action_id`) REFERENCES `action` (`id`)
) ENGINE=InnoDB DEFAULT CHARSET=latin1;

INSERT INTO `role_action` (`id`, `role_id`, `action_id`) VALUES
(33,	2,	12),
(34,	2,	13),
(35,	2,	14),
(36,	2,	15),
(37,	2,	16),
(38,	2,	17),
(39,	2,	18),
(40,	2,	19),
(41,	2,	20),
(42,	2,	21),
(43,	2,	22),
(44,	2,	23),
(45,	2,	24),
(46,	2,	25),
(47,	2,	26),
(48,	2,	27),
(49,	2,	28),
(50,	2,	29),
(51,	2,	30),
(52,	2,	31),
(53,	2,	32),
(54,	2,	33),
(98,	3,	12),
(99,	3,	13),
(100,	3,	14),
(101,	3,	15),
(102,	3,	16),
(103,	3,	17),
(104,	3,	18),
(105,	3,	19),
(106,	3,	20),
(107,	3,	21),
(108,	3,	22),
(109,	3,	23),
(110,	3,	24),
(111,	3,	25),
(112,	3,	26),
(113,	3,	27),
(114,	3,	28),
(115,	3,	29),
(116,	3,	30),
(117,	3,	31),
(118,	3,	32),
(119,	3,	33),
(1319,	1,	12),
(1320,	1,	13),
(1321,	1,	14),
(1322,	1,	15),
(1323,	1,	17),
(1324,	1,	18),
(1325,	1,	19),
(1326,	1,	20),
(1327,	1,	21),
(1328,	1,	22),
(1329,	1,	23),
(1330,	1,	24),
(1331,	1,	25),
(1332,	1,	26),
(1333,	1,	27),
(1334,	1,	28),
(1335,	1,	29),
(1336,	1,	30),
(1337,	1,	31),
(1338,	1,	32),
(1339,	1,	33),
(1340,	1,	49),
(1341,	1,	50),
(1342,	1,	51),
(1343,	1,	52),
(1344,	1,	53),
(1345,	1,	54),
(1346,	1,	55),
(1347,	1,	56),
(1348,	1,	57),
(1349,	1,	58),
(1350,	1,	59),
(1351,	1,	60),
(1352,	1,	61),
(1353,	1,	62),
(1354,	1,	63),
(1355,	1,	100),
(1356,	1,	101),
(1357,	1,	102),
(1358,	1,	103),
(1359,	1,	104),
(1360,	1,	105),
(1361,	1,	106),
(1362,	1,	107),
(1363,	1,	108),
(1364,	1,	109),
(1365,	1,	111),
(1366,	1,	112),
(1367,	1,	113),
(1368,	1,	114),
(1369,	1,	115),
(1370,	1,	116),
(1371,	1,	117),
(1372,	1,	118),
(1373,	1,	119),
(1374,	1,	120),
(1375,	1,	124),
(1376,	1,	125),
(1377,	1,	126),
(1378,	1,	127),
(1379,	1,	128),
(1380,	1,	64),
(1381,	1,	65),
(1382,	1,	66),
(1383,	1,	67),
(1384,	1,	68),
(1385,	1,	69),
(1386,	1,	70),
(1387,	1,	71),
(1388,	1,	88),
(1389,	1,	89),
(1390,	1,	72),
(1391,	1,	73),
(1392,	1,	123),
(1393,	1,	74),
(1394,	1,	75),
(1395,	1,	76),
(1396,	1,	84),
(1397,	1,	85),
(1398,	1,	86),
(1399,	1,	87),
(1400,	1,	77),
(1401,	1,	110),
(1402,	1,	122),
(1403,	1,	78),
(1404,	1,	121),
(1405,	1,	79),
(1406,	1,	80),
(1407,	1,	81),
(1408,	1,	82),
(1409,	1,	83),
(1410,	1,	146),
(1411,	1,	90),
(1412,	1,	91),
(1413,	1,	92),
(1414,	1,	93),
(1415,	1,	94),
(1416,	1,	95),
(1417,	1,	96),
(1418,	1,	97),
(1419,	1,	98),
(1420,	1,	99),
(1421,	1,	129),
(1422,	1,	130),
(1423,	1,	131),
(1424,	1,	132),
(1425,	1,	133),
(1426,	1,	134),
(1427,	1,	135),
(1428,	1,	136),
(1429,	1,	137),
(1430,	1,	138),
(1431,	1,	139),
(1432,	1,	140),
(1433,	1,	141),
(1434,	1,	142),
(1435,	1,	143),
(1436,	1,	144);

DROP TABLE IF EXISTS `role_menu`;
CREATE TABLE `role_menu` (
  `id` int(11) NOT NULL AUTO_INCREMENT,
  `role_id` int(11) NOT NULL,
  `menu_id` int(11) NOT NULL,
  PRIMARY KEY (`id`),
  KEY `role_id` (`role_id`),
  KEY `menu_id` (`menu_id`),
  CONSTRAINT `role_menu_ibfk_1` FOREIGN KEY (`role_id`) REFERENCES `role` (`id`),
  CONSTRAINT `role_menu_ibfk_2` FOREIGN KEY (`menu_id`) REFERENCES `menu` (`id`)
) ENGINE=InnoDB DEFAULT CHARSET=latin1;

INSERT INTO `role_menu` (`id`, `role_id`, `menu_id`) VALUES
(56,	2,	1),
(57,	2,	2),
(58,	2,	3),
(59,	2,	4),
(60,	2,	5),
(71,	3,	1),
(72,	3,	2),
(73,	3,	3),
(74,	3,	4),
(75,	3,	5),
(307,	1,	1),
(308,	1,	2),
(309,	1,	3),
(310,	1,	4),
(311,	1,	5),
(312,	1,	6),
(313,	1,	7),
(314,	1,	11),
(315,	1,	15),
(316,	1,	16),
(317,	1,	17),
(318,	1,	18),
(319,	1,	19),
(320,	1,	8),
(321,	1,	9),
(322,	1,	10),
(323,	1,	12),
(324,	1,	13),
(325,	1,	14),
(326,	1,	20),
(327,	1,	21),
(328,	1,	22);

DROP TABLE IF EXISTS `setting`;
CREATE TABLE `setting` (
  `id` int(11) NOT NULL AUTO_INCREMENT,
  `pin` int(11) DEFAULT NULL,
  `logo` varchar(255) DEFAULT NULL,
  `ikut_wakaf` varchar(255) DEFAULT NULL,
  `judul_web` varchar(255) DEFAULT NULL,
  `link_download_apk_marketing` varchar(255) DEFAULT NULL,
  `bg_login` varchar(255) DEFAULT NULL,
  `bg_pin` varchar(255) DEFAULT NULL,
  `link_download_apk` varchar(255) DEFAULT NULL,
  `tentang_kami` text,
  `judul_tentang_kami` varchar(255) DEFAULT NULL,
  `foto_tentang_kami` varchar(255) DEFAULT NULL,
  `latitude` varchar(255) DEFAULT NULL,
  `longitude` varchar(255) DEFAULT NULL,
  `facebook` varchar(255) DEFAULT NULL,
  `instagram` varchar(255) DEFAULT NULL,
  `twitter` varchar(255) DEFAULT NULL,
  `telegram` varchar(255) DEFAULT NULL,
  `nama_web` varchar(255) NOT NULL,
  `alamat` text NOT NULL,
  `visi` text,
  `misi` text,
  `slogan_web` text NOT NULL,
  PRIMARY KEY (`id`)
) ENGINE=InnoDB DEFAULT CHARSET=utf8mb4;

INSERT INTO `setting` (`id`, `pin`, `logo`, `ikut_wakaf`, `judul_web`, `link_download_apk_marketing`, `bg_login`, `bg_pin`, `link_download_apk`, `tentang_kami`, `judul_tentang_kami`, `foto_tentang_kami`, `latitude`, `longitude`, `facebook`, `instagram`, `twitter`, `telegram`, `nama_web`, `alamat`, `visi`, `misi`, `slogan_web`) VALUES
(3,	1234,	'PVC9GRJdOlAVMdZHV7n8vIeNqtyHDpjl.png',	'alur.pdf',	'Wakaf Mudah Pahala Berlimpah',	'marketing',	'pyFYY6vLhuGudN0IPKPqOrcqxmRI6ZNw.jpg',	'1AxYE37bhrsYjudjpPTdf6uY7hqvnHVl.jpg',	'playstore',	'<p style=\"text-align: justify;\"><span style=\"color: #000000;\">Sudah menjadi tanggung jawab kita bersama untuk mengembangkan potensi ditengah ummat Islam dalam negeri ini serta menampilkan langkah-langkah baru yang menjamin kemakmuran dan kesejahteraan masyarakat. Alhamdulillah, Yayasan Inisiator Salam Kariim (disingkat I-SALAM) yang disahkan oleh Kementerian Hukum dan Hak Asasi Manusia dengan surat keputusan nomor AHU-0001429.AH.01.04.Tahun 2021, hadir dengan segenap keyakinan dan optimisme, serta kemampuan sumber daya yang berkualitas Kemandirian ekonomi serta keamanan dan ketahanan ideologi merupakan bagian dari pilar utama tegaknya sebuah negeri.</span></p>\r\n<p style=\"text-align: justify;\"><span style=\"color: #000000;\"> </span><br /><span style=\"color: #000000;\">Manajemen Yayasan I-SALAM memiliki jaringan yang luas dikenal baik di dalam dan luar negeri dan berpotensi untuk menjalin kerjasama strategis di berbagai bidang. I-Salam adalah amalan jariah yang diharapkan terus bermanfaat dan mengalir pahalanya hingga hari kiamat pada segala kegiatan yang dijalankannya. </span></p>\r\n<p style=\"text-align: justify;\"><span style=\"color: #000000;\">Semoga Allah menjadikan I-SALAM ini sebagai wadah yang mengantar kepada peradaban islami yang selalu menebarkan dan membuka pintu kebaikan yang luas bagi para mitra serta membawa keberkahan bagi seluruh masyarakat. </span><br /><span style=\"color: #000000;\">Ayo bekerjasama dengan I-SALAM ! untuk memenuhi kebutuhan pengembangan potensi aset ummat dalam skala nasional sehingga diharapkan memberi hasil yang terbaik bagi masyarakat.</span></p>',	'Lembaga Penyalur Wakaf Isalam',	'aFsuWhLC35Ne5hSuJ4XDmcT3AqhGuMjX.jpg',	'-7.963169587297386',	'112.63095066210936',	'https://www.facebook.com/isalamkarim',	'https://www.instagram.com/isalamkarim/',	'https://twitter.com/isalamkarim',	'https://web.telegram.org/z/',	'ISALAM',	'Batu',	'<p><span style=\"color: #000000;\">Menjadi Lembaga Islam yang unggul, amanah dan profesional dalam mengembangkan potensi keummatan secara nasional yang bermanfaat bagi Umat Islam dalam bidang Dakwah, Sosial, Pendidikan, Ekonomi, dan Pengembangan Aset dengan berlandaskan Al-Qur\'an dan As-Sunnah sesuai pemahaman ParaSalaf</span></p>',	'<p><span style=\"color: #000000;\">1. Mendirikan pusat pendidikan dan pelatihan (pusdiklat) yang unggul dalam mewadahi penyelenggaraan pendidikan dan pelatihan formal maupun informal.</span></p>\r\n<p><span style=\"color: #000000;\">2. Menyelenggarakan program dakwah dan aktifitas sosial yang menyentuh seluruh lapisan masyarakat melalui berbagai media.</span></p>\r\n<p><span style=\"color: #000000;\">3. Memberdayakan potensi ekonomi umat dengan menggalakkan investasi sesuai syariat, pemberdayaan wakaf yang akuntabel serta menanamkan dan menghidupkan kewirausahaan di berbagai sektor untuk kesejahteraan umat Islam.</span></p>\r\n<p><span style=\"color: #000000;\">4. Membangun dan Mengelola Aset untuk kepentingan Umat Islam baik sarana prasarana ibadah, pendidikan, dakwah, ekonomi serta sosial kemasyarakatan</span></p>',	'Ketika manusia meninggal dunia, maka terputus sudah amal jariahnya kecuali tiga perkara yakni: sedekah jariyah, ilmu bermanfaat dan doa anak yang sholeh. ');

DROP TABLE IF EXISTS `status`;
CREATE TABLE `status` (
  `id` int(11) NOT NULL AUTO_INCREMENT,
  `name` varchar(255) DEFAULT NULL,
  PRIMARY KEY (`id`)
) ENGINE=InnoDB DEFAULT CHARSET=utf8mb4;

INSERT INTO `status` (`id`, `name`) VALUES
(1,	'Pendanaan diajukan'),
(2,	'Pendanaan diterima'),
(3,	'Pendanaan dicairkan'),
(4,	'Pendanaan selesai'),
(5,	'Pembayaran Pending'),
(6,	'Pembayaran diterima'),
(7,	'Pendanaan Ditolak'),
(8,	'Pembayaran Ditolak'),
(9,	'Draf Pendanaan'),
(10,	'Pembayaran Menunggu Konfirmasi');

DROP TABLE IF EXISTS `tema_hubungi_kami`;
CREATE TABLE `tema_hubungi_kami` (
  `id` int(11) NOT NULL AUTO_INCREMENT,
  `nama_tema` varchar(255) NOT NULL,
  PRIMARY KEY (`id`)
) ENGINE=InnoDB DEFAULT CHARSET=utf8mb4;

INSERT INTO `tema_hubungi_kami` (`id`, `nama_tema`) VALUES
(1,	'Saya Tertarik Menjadi Investor'),
(2,	'Apa itu ISALAM?');

DROP TABLE IF EXISTS `testimonials`;
CREATE TABLE `testimonials` (
  `id` int(11) NOT NULL AUTO_INCREMENT,
  `nama` varchar(255) NOT NULL,
  `jabatan` varchar(255) NOT NULL,
  `isi` text NOT NULL,
  `gambar` varchar(255) NOT NULL,
  PRIMARY KEY (`id`)
) ENGINE=InnoDB DEFAULT CHARSET=utf8mb4;

INSERT INTO `testimonials` (`id`, `nama`, `jabatan`, `isi`, `gambar`) VALUES
(1,	'Ahmad',	'ahmad@gmail.com',	'Lorem Ipsum is simply dummy text of the printing and typesetting industry. Lorem Ipsum has been the industry\'s standard dummy text ever since the 1500s, when an unknown printer took a galley of type',	'3vZ9HPON9XYO4nR3zhh-xsRjm27jf5l7.png');

DROP TABLE IF EXISTS `user`;
CREATE TABLE `user` (
  `id` int(11) NOT NULL AUTO_INCREMENT,
  `username` varchar(50) NOT NULL,
  `password` varchar(255) NOT NULL,
  `name` varchar(50) NOT NULL,
  `role_id` int(11) NOT NULL,
  `confirm` int(11) DEFAULT NULL,
  `status` int(11) DEFAULT NULL,
  `pin` varchar(8) DEFAULT NULL,
  `photo_url` varchar(255) DEFAULT NULL,
  `secret_token` varchar(255) DEFAULT NULL,
  `nomor_handphone` varchar(20) DEFAULT NULL,
  `last_login` datetime DEFAULT NULL,
  `last_logout` datetime DEFAULT NULL,
  PRIMARY KEY (`id`),
  UNIQUE KEY `username` (`username`),
  KEY `role_id` (`role_id`),
  CONSTRAINT `user_ibfk_1` FOREIGN KEY (`role_id`) REFERENCES `role` (`id`)
) ENGINE=InnoDB DEFAULT CHARSET=latin1;

INSERT INTO `user` (`id`, `username`, `password`, `name`, `role_id`, `confirm`, `status`, `pin`, `photo_url`, `secret_token`, `nomor_handphone`, `last_login`, `last_logout`) VALUES
(1,	'admin@admin.com',	'$2y$13$jfVHR0wNqQMpR42YeRoG9ue8LavYwtz0Ou9wLTOEN.g5Mv7/TxIOe',	'Administrator',	1,	1,	1,	NULL,	'default.png',	'ISALAMMTYyNzIrSkNULU1vT0xHNXNIKzNQNk51NWFFS2_mpzQv_V2UGJiQk1hWnROUXR5Y2ZpVGtLeWpPKzE1NjYzS3CRETKEY',	'6289658798162',	'2021-11-26 15:26:59',	'2021-11-09 14:14:41'),
(2,	'user',	'ee11cbb19052e40b07aac0ca060c23ee',	'Regular User',	3,	1,	1,	NULL,	'default.png',	NULL,	NULL,	NULL,	NULL),
(3,	'budi@gmail.com',	'21232f297a57a5a743894a0e4a801fc3',	'budi@gmail.com',	3,	0,	1,	NULL,	'default.png',	NULL,	'0876786876',	NULL,	NULL),
(4,	'budi1@gmail.com',	'827ccb0eea8a706c4c34a16891f84e7b',	'Name budi',	3,	0,	1,	NULL,	'default.png',	NULL,	'08767868761',	NULL,	NULL),
(5,	'budi12@gmail.com',	'827ccb0eea8a706c4c34a16891f84e7b',	'Name budi',	2,	0,	1,	NULL,	'default.png',	NULL,	'087678687612',	NULL,	NULL),
(10,	'fachruwildan14@gmail.com',	'$2y$13$jcXMY3qgypS7ybnzr6yT8ef2idr1NEaq2gS2LUGhL9xp1T.lNBTDi',	'fachru wildans',	5,	0,	1,	NULL,	'default.png',	NULL,	'08965879812',	NULL,	NULL),
(11,	'fachruwildan13@gmail.com',	'81dc9bdb52d04dc20036dbd8313ed055',	'fachru wildans',	3,	0,	1,	NULL,	'default.png',	NULL,	'089658798125',	NULL,	NULL),
(14,	'fachruwildan12@gmail.com',	'81dc9bdb52d04dc20036dbd8313ed055',	'fachru wildans',	3,	0,	1,	NULL,	'default.png',	NULL,	'0896587981254',	NULL,	NULL),
(17,	'hardiansah7101@gmail.com',	'$2y$13$pm1zgDOB5jNY4MNS93eibuhUSu.bPAEcagIxT6mYu73NsNattN9jG',	'Muh. Hardiansah',	2,	1,	1,	'1234',	'default.png',	'ISALAMMTYzNTMrRTROSTYtTFZEUm02M25Cby1URVNLSGd4_3B2Wk_WGl5TzVoRkpscnBycjlsMi1JOTIzS3ErNDI4OTI=S3CRETKEY',	'081911106262',	NULL,	NULL),
(18,	'dellanjng@gmail.com',	'$2y$13$pskad5BMklO4gWTrinjG0e2FD5/GTrH3NkFnRqE/S/HS7wIunMZni',	'Fahru',	2,	1,	1,	'1234',	'default.png',	'ISALAMMTYyNzYrbzJPVDZXbnM3TFZXOEZveS1w_PK1aa_NXoycXQyQzZ6aHlDa1hFNiszMzUwMA==S3CRETKEY',	'081082083081',	NULL,	NULL),
(26,	'fachruwildan16@gmail.com',	'$2y$13$0heSPr.ToTsNcawskOPB0.bysgg1vktEN13E/hUZAK0LhUITF5JkW',	'Wildan',	5,	1,	1,	'1234',	'default.png',	'ISALAMMTYyNzYrVnZZamVSNVMxZnNZc0VqeV_DaLsf_FmbUFLMkhBR2xOK1oyR1R4KzMyMDQ2S3CRETKEY',	'089658798168',	NULL,	NULL),
(27,	'fachruwildan11@gmail.com',	'$2y$13$DoYZdwB5f/c5BW8DjH8HwOeNFdDQ74ESutC.b2RrSZsYayzBLx5rK',	'Afdinal',	2,	1,	1,	'1234',	'default.png',	'ISALAMMTYyNzYrMkVvRjdhYkRrK0lJS04tMU82Ml_clLU4_J4U3pmZkR1K3VJa3hrSWJyVG4zKzM3NjQyS3CRETKEY',	'089658798169',	NULL,	NULL),
(30,	'iankco46@gmail.com',	'$2y$13$RqgvzP7Z0mYDGs47nE6wtuzXauyqK7alMKL/vpiOkykTxJ8E75pxa',	'Ian',	5,	1,	1,	'1231',	'default.png',	'ISALAMMTYzNTMrUE1jUS1nc0R5ZWxuMUk3c1Zwc2VvUVVT_YxkbW_U3ZQcTdGRVdwUktwNWEwRXBtMHIzN1UrNzMzMDk=S3CRETKEY',	'081082083082',	NULL,	NULL),
(48,	'fachruwildan@gmail.com',	'$2y$13$s8hb2Xmi6CS/VUFCJhDocugZBKxbqnK/ExJ8z2zhXsCxIAs9XeK7i',	'Fachru Wildan',	2,	1,	1,	'1234',	'default.png',	'ISALAMMTYyOTcrY1d0NFpSa0FFbEV3UXdrVytwdzVU_9y6tt_Z3ZvdTVzdE54SytzYjNwMG4rRkpDKzMxNTk4S3CRETKEY',	'089658798164',	NULL,	NULL),
(49,	'fachruwildan1@gmail.com',	'$2y$13$pm1zgDOB5jNY4MNS93eibuhUSu.bPAEcagIxT6mYu73NsNattN9jG',	'Fachru Wildan Afdinal',	5,	1,	1,	'1234',	'default.png',	'ISALAMMTYzNjArVWIwTzErRjgzTWZmU0xXLUhQ_C6Ygf_VTAzTzFmcHJYclhWWlE1KyszMTU3Mg==S3CRETKEY',	'08965879869',	NULL,	NULL),
(50,	'lukmanhakim.idris@gmail.com',	'$2y$13$fukx/l9xAZ3nma844HMk/et6SyGnaE/NpWSbe7PCR/GnXDn60QNkC',	'Lukman Hakim',	1,	1,	1,	'12345',	'default.png',	NULL,	'0811547227',	'2021-08-02 12:24:57',	NULL),
(51,	'akuntes2022@gmail.com',	'$2y$13$w/d.n0q3fASufkboQZtA.uIGzcQAAVtuC0Sl8oD2zxu.hOFvbbXW.',	'Wildan Subekti',	5,	1,	1,	'1234',	'default.png',	'ISALAMMTYyNzkrZDg5R3hVLXlSdkxjeTZhTz_eUT6T_RxZmNwV3JSYWZSMTBlNGRtKzk0ODc3S3CRETKEY',	'08123457890',	NULL,	NULL),
(52,	'xicoret961@flipssl.com',	'$2y$13$Ic151yFXkRJHDDnCg447iOVfSbz/sGm8Xh2Gg3eTpnD8f6ShkihMi',	'Fani',	2,	1,	1,	'1234',	'default.png',	'ISALAMMTYyNzkrb1ZjNWZCak9NaStVQk5xOHpjYWRSUT_0yN96_Q1alkzNW5TWE1NOFItSjhOdHFNbSs5Mzc3MQ==S3CRETKEY',	'0988478389',	NULL,	NULL),
(53,	'dapow11303@hyprhost.com',	'$2y$13$R.FkxE.GtYegHn.czjMGXO9.CQqzMK/hTUpsaG5Mmb/nl6U6X7Kfe',	'tesakun',	2,	1,	1,	'1234',	'default.png',	'ISALAMMTYyOTcrbkdsV0c0Mnd1bGswZ1BJUnVmR3_OqgOG_ltdm42QTNsQUw2VzZNZzFyazRZKzA2OTA0S3CRETKEY',	'0923893',	NULL,	NULL),
(54,	'fosoxic318@ampswipe.com',	'$2y$13$GF.0PAoWSyL3iyzcGX3da.K0tq/hi8ZHCHsffLYfIw8BvvUPQssti',	'Budi',	2,	1,	1,	'1234',	'default.png',	'ISALAMMTYyOTcrbWphTVZ5RlYya3FTWW5vWDJ3RUI5_a4Kz0_WW1lZlNkMjJTQnA5TGEzaFFZazhuKzIzNjc3S3CRETKEY',	'0898776666',	NULL,	NULL),
(55,	'hanafinaufal01@gmail.com',	'$2y$13$jcXMY3qgypS7ybnzr6yT8ef2idr1NEaq2gS2LUGhL9xp1T.lNBTDi',	'hanafi',	5,	1,	1,	'1234',	'default.png',	'ISALAMMTYyOTcrbCtQUnFGQjg0UjEwa1JHNTlN_xpCCe_QTJ3eFUxdHc3aUY0NSsyVVB0KzIzNTM0S3CRETKEY',	'089663773888',	NULL,	NULL),
(56,	'wildansyah@gmail.com',	'$2y$13$vvCRMQmAk3fdIVlU8dDy1OE042PJpg9ynTZhJBAh7lVHOcAzocoba',	'wil',	5,	1,	1,	'1234',	'user/20211126_5f852f94f758cb245760aa66ba11a67fd726d7ce.jpg',	'ISALAMMTYzNzkrWDdtTHY1N0dLYjJpR2pXR3VHa1VhdzBo_A-x6+_QmFyVFEyc3pIV3JhdDhJa1k3MnlOc010KzMyNjkzS3CRETKEY',	'089658798165',	'2021-09-30 10:24:12',	'2021-09-30 10:33:41');

-- 2021-11-27 01:34:40
